dc_id,store_id,distance_mi,cost_per_unit_usd,service_time_days
DFC_LocustGrove_GA,STR_SEATTL_01,2207.94,664.44,6.13
DFC_LocustGrove_GA,STR_SEATTL_02,2209.83,664.88,6.14
DFC_LocustGrove_GA,STR_PORTLA_01,2195.48,660.76,6.1
DFC_LocustGrove_GA,STR_PORTLA_02,2200.57,662.45,6.11
DFC_LocustGrove_GA,STR_SANFRA_01,2154.15,648.37,5.98
DFC_LocustGrove_GA,STR_SANFRA_02,2160.15,650.31,6.0
DFC_LocustGrove_GA,STR_SANFRA_03,2169.64,652.73,6.03
DFC_LocustGrove_GA,STR_SANFRA_04,2149.42,646.61,5.97
DFC_LocustGrove_GA,STR_SANFRA_05,2146.53,645.82,5.96
DFC_LocustGrove_GA,STR_SANFRA_06,2159.68,649.59,6.0
DFC_LocustGrove_GA,STR_LOSANG_01,1954.15,588.27,5.43
DFC_LocustGrove_GA,STR_LOSANG_02,1959.87,589.85,5.44
DFC_LocustGrove_GA,STR_LOSANG_03,1939.79,584.24,5.39
DFC_LocustGrove_GA,STR_LOSANG_04,1947.17,585.83,5.41
DFC_LocustGrove_GA,STR_LOSANG_05,1946.16,586.24,5.41
DFC_LocustGrove_GA,STR_SANDIE_01,1911.27,575.13,5.31
DFC_LocustGrove_GA,STR_SANDIE_02,1896.46,570.63,5.27
DFC_LocustGrove_GA,STR_SANDIE_03,1911.26,575.17,5.31
DFC_LocustGrove_GA,STR_PHOENI_01,1612.2,486.15,4.48
DFC_LocustGrove_GA,STR_PHOENI_02,1613.18,485.95,4.48
DFC_LocustGrove_GA,STR_PHOENI_03,1615.04,486.64,4.49
DFC_LocustGrove_GA,STR_PHOENI_04,1593.0,479.86,4.43
DFC_LocustGrove_GA,STR_PHOENI_05,1602.11,482.61,4.45
DFC_LocustGrove_GA,STR_PHOENI_06,1594.32,480.17,4.43
DFC_LocustGrove_GA,STR_PHOENI_07,1612.6,485.79,4.48
DFC_LocustGrove_GA,STR_PHOENI_08,1605.12,483.66,4.46
DFC_LocustGrove_GA,STR_LASVEG_01,1763.73,531.54,4.9
DFC_LocustGrove_GA,STR_LASVEG_02,1765.84,531.28,4.91
DFC_LocustGrove_GA,STR_LASVEG_03,1771.41,533.83,4.92
DFC_LocustGrove_GA,STR_LASVEG_04,1755.03,528.64,4.88
DFC_LocustGrove_GA,STR_DENVER_01,1227.64,370.2,3.41
DFC_LocustGrove_GA,STR_DENVER_02,1238.75,373.49,3.44
DFC_LocustGrove_GA,STR_DENVER_03,1233.62,372.35,3.43
DFC_LocustGrove_GA,STR_DENVER_04,1237.84,373.41,3.44
DFC_LocustGrove_GA,STR_DENVER_05,1229.14,370.36,3.41
DFC_LocustGrove_GA,STR_DENVER_06,1224.41,369.41,3.4
DFC_LocustGrove_GA,STR_DENVER_07,1234.84,372.74,3.43
DFC_LocustGrove_GA,STR_DENVER_08,1228.6,370.79,3.41
DFC_LocustGrove_GA,STR_MINNEA_01,937.08,282.97,2.6
DFC_LocustGrove_GA,STR_MINNEA_02,920.95,277.95,2.56
DFC_LocustGrove_GA,STR_CHICAG_01,610.74,185.14,1.7
DFC_LocustGrove_GA,STR_CHICAG_02,604.55,184.18,1.68
DFC_LocustGrove_GA,STR_CHICAG_03,632.26,191.29,1.76
DFC_LocustGrove_GA,STR_CHICAG_04,622.11,188.42,1.73
DFC_LocustGrove_GA,STR_CHICAG_05,604.93,183.58,1.68
DFC_LocustGrove_GA,STR_CHICAG_06,617.47,187.21,1.72
DFC_LocustGrove_GA,STR_CHICAG_07,623.77,189.08,1.73
DFC_LocustGrove_GA,STR_DETROI_01,621.51,188.96,1.73
DFC_LocustGrove_GA,STR_DETROI_02,619.55,187.65,1.72
DFC_LocustGrove_GA,STR_DETROI_03,632.74,191.82,1.76
DFC_LocustGrove_GA,STR_DETROI_04,614.11,186.28,1.71
DFC_LocustGrove_GA,STR_COLUMB_01,446.39,135.72,1.24
DFC_LocustGrove_GA,STR_COLUMB_02,446.97,135.73,1.24
DFC_LocustGrove_GA,STR_CINCIN_01,384.27,117.35,1.07
DFC_LocustGrove_GA,STR_CINCIN_02,413.36,126.46,1.15
DFC_LocustGrove_GA,STR_CINCIN_03,398.2,121.56,1.11
DFC_LocustGrove_GA,STR_CINCIN_04,413.01,125.92,1.15
DFC_LocustGrove_GA,STR_CINCIN_05,405.97,123.81,1.13
DFC_LocustGrove_GA,STR_CINCIN_06,404.89,123.4,1.12
DFC_LocustGrove_GA,STR_CINCIN_07,403.5,123.35,1.12
DFC_LocustGrove_GA,STR_CINCIN_08,411.25,125.25,1.14
DFC_LocustGrove_GA,STR_ST.LOU_01,492.95,149.55,1.37
DFC_LocustGrove_GA,STR_ST.LOU_02,503.83,152.75,1.4
DFC_LocustGrove_GA,STR_ST.LOU_03,498.06,151.44,1.38
DFC_LocustGrove_GA,STR_BOSTON_01,927.09,280.39,2.58
DFC_LocustGrove_GA,STR_BOSTON_02,931.95,281.64,2.59
DFC_LocustGrove_GA,STR_BOSTON_03,940.85,284.18,2.61
DFC_LocustGrove_GA,STR_BOSTON_04,945.57,285.79,2.63
DFC_LocustGrove_GA,STR_BOSTON_05,957.51,289.3,2.66
DFC_LocustGrove_GA,STR_BOSTON_06,941.43,284.64,2.62
DFC_LocustGrove_GA,STR_BOSTON_07,942.62,285.12,2.62
DFC_LocustGrove_GA,STR_NEWYOR_01,744.76,225.19,2.07
DFC_LocustGrove_GA,STR_NEWYOR_02,752.55,227.18,2.09
DFC_LocustGrove_GA,STR_PHILAD_01,667.8,202.25,1.86
DFC_LocustGrove_GA,STR_PHILAD_02,668.72,202.36,1.86
DFC_LocustGrove_GA,STR_PHILAD_03,685.5,207.86,1.9
DFC_LocustGrove_GA,STR_PHILAD_04,659.44,199.65,1.83
DFC_LocustGrove_GA,STR_PHILAD_05,667.85,201.89,1.86
DFC_LocustGrove_GA,STR_PHILAD_06,666.64,201.85,1.85
DFC_LocustGrove_GA,STR_PHILAD_07,674.19,203.88,1.87
DFC_LocustGrove_GA,STR_BALTIM_01,595.58,181.07,1.65
DFC_LocustGrove_GA,STR_BALTIM_02,586.09,177.94,1.63
DFC_LocustGrove_GA,STR_BALTIM_03,603.24,183.13,1.68
DFC_LocustGrove_GA,STR_BALTIM_04,602.95,183.02,1.67
DFC_LocustGrove_GA,STR_BALTIM_05,578.22,175.68,1.61
DFC_LocustGrove_GA,STR_BALTIM_06,577.6,175.56,1.6
DFC_LocustGrove_GA,STR_BALTIM_07,573.62,173.95,1.59
DFC_LocustGrove_GA,STR_BALTIM_08,592.98,179.54,1.65
DFC_LocustGrove_GA,STR_CHARLO_01,229.4,70.61,1.0
DFC_LocustGrove_GA,STR_CHARLO_02,237.91,73.36,1.0
DFC_LocustGrove_GA,STR_CHARLO_03,237.99,72.76,1.0
DFC_LocustGrove_GA,STR_CHARLO_04,221.22,68.65,1.0
DFC_LocustGrove_GA,STR_CHARLO_05,212.95,65.41,1.0
DFC_LocustGrove_GA,STR_CHARLO_06,223.31,69.14,1.0
DFC_LocustGrove_GA,STR_CHARLO_07,214.59,66.34,1.0
DFC_LocustGrove_GA,STR_CHARLO_08,238.29,73.56,1.0
DFC_LocustGrove_GA,STR_ATLANT_01,15.12,6.42,1.0
DFC_LocustGrove_GA,STR_ATLANT_02,25.88,9.82,1.0
DFC_LocustGrove_GA,STR_ATLANT_03,31.43,11.31,1.0
DFC_LocustGrove_GA,STR_ATLANT_04,30.35,10.97,1.0
DFC_LocustGrove_GA,STR_ATLANT_05,45.52,15.43,1.0
DFC_LocustGrove_GA,STR_ATLANT_06,31.89,11.95,1.0
DFC_LocustGrove_GA,STR_ORLAND_01,367.33,112.29,1.02
DFC_LocustGrove_GA,STR_ORLAND_02,374.06,114.27,1.04
DFC_LocustGrove_GA,STR_ORLAND_03,363.65,110.87,1.01
DFC_LocustGrove_GA,STR_ORLAND_04,374.07,114.16,1.04
DFC_LocustGrove_GA,STR_ORLAND_05,366.27,111.63,1.02
DFC_LocustGrove_GA,STR_TAMPA_01,368.83,112.53,1.02
DFC_LocustGrove_GA,STR_TAMPA_02,383.48,116.74,1.07
DFC_LocustGrove_GA,STR_TAMPA_03,400.7,122.61,1.11
DFC_LocustGrove_GA,STR_TAMPA_04,384.15,117.06,1.07
DFC_LocustGrove_GA,STR_TAMPA_05,388.99,118.48,1.08
DFC_LocustGrove_GA,STR_TAMPA_06,394.01,119.87,1.09
DFC_LocustGrove_GA,STR_TAMPA_07,389.44,118.64,1.08
DFC_LocustGrove_GA,STR_TAMPA_08,397.56,121.14,1.1
DFC_LocustGrove_GA,STR_MIAMI_01,565.32,171.58,1.57
DFC_LocustGrove_GA,STR_MIAMI_02,563.64,170.93,1.57
DFC_LocustGrove_GA,STR_MIAMI_03,576.6,174.58,1.6
DFC_LocustGrove_GA,STR_MIAMI_04,583.22,176.59,1.62
DFC_LocustGrove_GA,STR_MIAMI_05,589.31,178.96,1.64
DFC_Perris_CA,STR_SEATTL_01,989.45,298.81,2.75
DFC_Perris_CA,STR_SEATTL_02,988.93,298.84,2.75
DFC_Perris_CA,STR_PORTLA_01,868.52,262.75,2.41
DFC_Perris_CA,STR_PORTLA_02,877.74,265.36,2.44
DFC_Perris_CA,STR_SANFRA_01,393.39,119.71,1.09
DFC_Perris_CA,STR_SANFRA_02,412.59,125.82,1.15
DFC_Perris_CA,STR_SANFRA_03,402.67,123.15,1.12
DFC_Perris_CA,STR_SANFRA_04,399.12,121.62,1.11
DFC_Perris_CA,STR_SANFRA_05,405.33,123.69,1.13
DFC_Perris_CA,STR_SANFRA_06,411.77,125.53,1.14
DFC_Perris_CA,STR_LOSANG_01,65.44,21.98,1.0
DFC_Perris_CA,STR_LOSANG_02,66.88,21.89,1.0
DFC_Perris_CA,STR_LOSANG_03,45.81,16.03,1.0
DFC_Perris_CA,STR_LOSANG_04,59.21,19.67,1.0
DFC_Perris_CA,STR_LOSANG_05,50.89,17.09,1.0
DFC_Perris_CA,STR_SANDIE_01,73.41,24.05,1.0
DFC_Perris_CA,STR_SANDIE_02,58.43,19.61,1.0
DFC_Perris_CA,STR_SANDIE_03,81.79,27.01,1.0
DFC_Perris_CA,STR_PHOENI_01,290.38,89.19,1.0
DFC_Perris_CA,STR_PHOENI_02,295.66,90.75,1.0
DFC_Perris_CA,STR_PHOENI_03,291.54,89.86,1.0
DFC_Perris_CA,STR_PHOENI_04,308.65,94.75,1.0
DFC_Perris_CA,STR_PHOENI_05,304.08,93.06,1.0
DFC_Perris_CA,STR_PHOENI_06,311.2,95.7,1.0
DFC_Perris_CA,STR_PHOENI_07,292.33,89.51,1.0
DFC_Perris_CA,STR_PHOENI_08,301.67,92.34,1.0
DFC_Perris_CA,STR_LASVEG_01,210.94,65.07,1.0
DFC_Perris_CA,STR_LASVEG_02,205.25,63.34,1.0
DFC_Perris_CA,STR_LASVEG_03,213.82,66.23,1.0
DFC_Perris_CA,STR_LASVEG_04,209.28,64.72,1.0
DFC_Perris_CA,STR_DENVER_01,790.66,238.33,2.2
DFC_Perris_CA,STR_DENVER_02,796.66,240.93,2.21
DFC_Perris_CA,STR_DENVER_03,784.09,237.1,2.18
DFC_Perris_CA,STR_DENVER_04,802.51,242.98,2.23
DFC_Perris_CA,STR_DENVER_05,809.82,244.81,2.25
DFC_Perris_CA,STR_DENVER_06,791.38,240.05,2.2
DFC_Perris_CA,STR_DENVER_07,797.55,241.62,2.22
DFC_Perris_CA,STR_DENVER_08,793.42,239.93,2.2
DFC_Perris_CA,STR_MINNEA_01,1478.6,445.87,4.11
DFC_Perris_CA,STR_MINNEA_02,1487.49,448.38,4.13
DFC_Perris_CA,STR_CHICAG_01,1700.16,512.11,4.72
DFC_Perris_CA,STR_CHICAG_02,1710.19,515.26,4.75
DFC_Perris_CA,STR_CHICAG_03,1698.54,511.57,4.72
DFC_Perris_CA,STR_CHICAG_04,1705.04,513.57,4.74
DFC_Perris_CA,STR_CHICAG_05,1706.23,514.07,4.74
DFC_Perris_CA,STR_CHICAG_06,1708.77,515.14,4.75
DFC_Perris_CA,STR_CHICAG_07,1688.99,508.76,4.69
DFC_Perris_CA,STR_DETROI_01,1928.56,580.45,5.36
DFC_Perris_CA,STR_DETROI_02,1950.27,586.57,5.42
DFC_Perris_CA,STR_DETROI_03,1933.06,582.41,5.37
DFC_Perris_CA,STR_DETROI_04,1939.2,583.69,5.39
DFC_Perris_CA,STR_COLUMB_01,1928.31,580.63,5.36
DFC_Perris_CA,STR_COLUMB_02,1935.58,583.15,5.38
DFC_Perris_CA,STR_CINCIN_01,1850.93,557.34,5.14
DFC_Perris_CA,STR_CINCIN_02,1838.33,553.45,5.11
DFC_Perris_CA,STR_CINCIN_03,1849.75,557.28,5.14
DFC_Perris_CA,STR_CINCIN_04,1858.75,559.74,5.16
DFC_Perris_CA,STR_CINCIN_05,1852.16,557.8,5.14
DFC_Perris_CA,STR_CINCIN_06,1844.34,554.92,5.12
DFC_Perris_CA,STR_CINCIN_07,1843.62,555.39,5.12
DFC_Perris_CA,STR_CINCIN_08,1845.92,555.87,5.13
DFC_Perris_CA,STR_ST.LOU_01,1534.7,462.07,4.26
DFC_Perris_CA,STR_ST.LOU_02,1532.72,461.94,4.26
DFC_Perris_CA,STR_ST.LOU_03,1527.48,459.73,4.24
DFC_Perris_CA,STR_BOSTON_01,2539.36,764.39,7.05
DFC_Perris_CA,STR_BOSTON_02,2546.13,765.56,7.07
DFC_Perris_CA,STR_BOSTON_03,2544.14,765.65,7.07
DFC_Perris_CA,STR_BOSTON_04,2550.83,767.05,7.09
DFC_Perris_CA,STR_BOSTON_05,2559.27,769.92,7.11
DFC_Perris_CA,STR_BOSTON_06,2543.16,764.72,7.06
DFC_Perris_CA,STR_BOSTON_07,2547.47,766.49,7.08
DFC_Perris_CA,STR_NEWYOR_01,2401.09,722.27,6.67
DFC_Perris_CA,STR_NEWYOR_02,2401.48,722.56,6.67
DFC_Perris_CA,STR_PHILAD_01,2348.8,706.64,6.52
DFC_Perris_CA,STR_PHILAD_02,2331.99,701.26,6.48
DFC_Perris_CA,STR_PHILAD_03,2351.39,707.54,6.53
DFC_Perris_CA,STR_PHILAD_04,2336.44,702.81,6.49
DFC_Perris_CA,STR_PHILAD_05,2334.28,702.55,6.48
DFC_Perris_CA,STR_PHILAD_06,2343.48,704.98,6.51
DFC_Perris_CA,STR_PHILAD_07,2332.0,701.58,6.48
DFC_Perris_CA,STR_BALTIM_01,2270.14,683.46,6.31
DFC_Perris_CA,STR_BALTIM_02,2283.76,687.72,6.34
DFC_Perris_CA,STR_BALTIM_03,2281.34,686.6,6.34
DFC_Perris_CA,STR_BALTIM_04,2277.97,685.32,6.33
DFC_Perris_CA,STR_BALTIM_05,2269.77,682.84,6.3
DFC_Perris_CA,STR_BALTIM_06,2267.41,682.02,6.3
DFC_Perris_CA,STR_BALTIM_07,2267.14,681.99,6.3
DFC_Perris_CA,STR_BALTIM_08,2262.34,680.63,6.28
DFC_Perris_CA,STR_CHARLO_01,2057.13,619.63,5.71
DFC_Perris_CA,STR_CHARLO_02,2069.98,622.94,5.75
DFC_Perris_CA,STR_CHARLO_03,2067.66,621.99,5.74
DFC_Perris_CA,STR_CHARLO_04,2055.85,618.76,5.71
DFC_Perris_CA,STR_CHARLO_05,2053.45,618.08,5.7
DFC_Perris_CA,STR_CHARLO_06,2051.1,617.34,5.7
DFC_Perris_CA,STR_CHARLO_07,2052.76,618.03,5.7
DFC_Perris_CA,STR_CHARLO_08,2076.29,624.9,5.77
DFC_Perris_CA,STR_ATLANT_01,1895.0,570.69,5.26
DFC_Perris_CA,STR_ATLANT_02,1873.46,563.84,5.2
DFC_Perris_CA,STR_ATLANT_03,1884.41,567.77,5.23
DFC_Perris_CA,STR_ATLANT_04,1870.69,563.27,5.2
DFC_Perris_CA,STR_ATLANT_05,1870.65,563.29,5.2
DFC_Perris_CA,STR_ATLANT_06,1882.83,566.65,5.23
DFC_Perris_CA,STR_ORLAND_01,2141.13,644.46,5.95
DFC_Perris_CA,STR_ORLAND_02,2136.2,643.02,5.93
DFC_Perris_CA,STR_ORLAND_03,2133.78,641.84,5.93
DFC_Perris_CA,STR_ORLAND_04,2133.03,641.5,5.93
DFC_Perris_CA,STR_ORLAND_05,2138.16,643.52,5.94
DFC_Perris_CA,STR_TAMPA_01,2073.39,623.89,5.76
DFC_Perris_CA,STR_TAMPA_02,2092.93,629.94,5.81
DFC_Perris_CA,STR_TAMPA_03,2098.34,631.18,5.83
DFC_Perris_CA,STR_TAMPA_04,2081.91,626.18,5.78
DFC_Perris_CA,STR_TAMPA_05,2081.93,626.63,5.78
DFC_Perris_CA,STR_TAMPA_06,2089.37,628.72,5.8
DFC_Perris_CA,STR_TAMPA_07,2094.5,629.82,5.82
DFC_Perris_CA,STR_TAMPA_08,2108.75,634.96,5.86
DFC_Perris_CA,STR_MIAMI_01,2261.52,680.13,6.28
DFC_Perris_CA,STR_MIAMI_02,2267.69,682.95,6.3
DFC_Perris_CA,STR_MIAMI_03,2288.08,688.27,6.36
DFC_Perris_CA,STR_MIAMI_04,2271.63,683.59,6.31
DFC_Perris_CA,STR_MIAMI_05,2284.54,687.77,6.35
DFC_Troy_OH,STR_SEATTL_01,1953.01,588.27,5.43
DFC_Troy_OH,STR_SEATTL_02,1955.18,589.05,5.43
DFC_Troy_OH,STR_PORTLA_01,1967.02,591.73,5.46
DFC_Troy_OH,STR_PORTLA_02,1970.45,592.85,5.47
DFC_Troy_OH,STR_SANFRA_01,2044.33,615.36,5.68
DFC_Troy_OH,STR_SANFRA_02,2045.53,615.87,5.68
DFC_Troy_OH,STR_SANFRA_03,2059.98,619.99,5.72
DFC_Troy_OH,STR_SANFRA_04,2036.93,612.67,5.66
DFC_Troy_OH,STR_SANFRA_05,2031.65,611.62,5.64
DFC_Troy_OH,STR_SANFRA_06,2045.22,615.52,5.68
DFC_Troy_OH,STR_LOSANG_01,1912.71,575.76,5.31
DFC_Troy_OH,STR_LOSANG_02,1920.33,577.53,5.33
DFC_Troy_OH,STR_LOSANG_03,1902.5,572.95,5.28
DFC_Troy_OH,STR_LOSANG_04,1906.09,573.86,5.29
DFC_Troy_OH,STR_LOSANG_05,1909.26,575.23,5.3
DFC_Troy_OH,STR_SANDIE_01,1897.73,571.3,5.27
DFC_Troy_OH,STR_SANDIE_02,1879.98,566.14,5.22
DFC_Troy_OH,STR_SANDIE_03,1899.86,572.17,5.28
DFC_Troy_OH,STR_PHOENI_01,1605.73,483.28,4.46
DFC_Troy_OH,STR_PHOENI_02,1614.2,486.92,4.48
DFC_Troy_OH,STR_PHOENI_03,1613.5,485.94,4.48
DFC_Troy_OH,STR_PHOENI_04,1586.38,478.04,4.41
DFC_Troy_OH,STR_PHOENI_05,1601.18,482.52,4.45
DFC_Troy_OH,STR_PHOENI_06,1593.22,479.76,4.43
DFC_Troy_OH,STR_PHOENI_07,1609.33,485.26,4.47
DFC_Troy_OH,STR_PHOENI_08,1604.63,483.46,4.46
DFC_Troy_OH,STR_LASVEG_01,1694.52,510.3,4.71
DFC_Troy_OH,STR_LASVEG_02,1698.06,511.45,4.72
DFC_Troy_OH,STR_LASVEG_03,1699.49,512.04,4.72
DFC_Troy_OH,STR_LASVEG_04,1688.63,508.59,4.69
DFC_Troy_OH,STR_DENVER_01,1099.05,331.94,3.05
DFC_Troy_OH,STR_DENVER_02,1101.19,331.94,3.06
DFC_Troy_OH,STR_DENVER_03,1105.77,333.54,3.07
DFC_Troy_OH,STR_DENVER_04,1097.5,330.72,3.05
DFC_Troy_OH,STR_DENVER_05,1088.89,329.17,3.02
DFC_Troy_OH,STR_DENVER_06,1097.1,331.63,3.05
DFC_Troy_OH,STR_DENVER_07,1098.67,331.76,3.05
DFC_Troy_OH,STR_DENVER_08,1097.9,331.12,3.05
DFC_Troy_OH,STR_MINNEA_01,576.34,175.5,1.6
DFC_Troy_OH,STR_MINNEA_02,559.3,169.64,1.55
DFC_Troy_OH,STR_CHICAG_01,214.63,66.34,1.0
DFC_Troy_OH,STR_CHICAG_02,204.1,63.27,1.0
DFC_Troy_OH,STR_CHICAG_03,230.63,71.3,1.0
DFC_Troy_OH,STR_CHICAG_04,219.49,68.01,1.0
DFC_Troy_OH,STR_CHICAG_05,206.88,64.23,1.0
DFC_Troy_OH,STR_CHICAG_06,213.95,66.15,1.0
DFC_Troy_OH,STR_CHICAG_07,230.44,71.3,1.0
DFC_Troy_OH,STR_DETROI_01,163.88,51.12,1.0
DFC_Troy_OH,STR_DETROI_02,168.14,52.59,1.0
DFC_Troy_OH,STR_DETROI_03,175.34,54.73,1.0
DFC_Troy_OH,STR_DETROI_04,159.89,50.16,1.0
DFC_Troy_OH,STR_COLUMB_01,66.04,21.97,1.0
DFC_Troy_OH,STR_COLUMB_02,73.14,23.83,1.0
DFC_Troy_OH,STR_CINCIN_01,80.32,26.21,1.0
DFC_Troy_OH,STR_CINCIN_02,57.25,19.34,1.0
DFC_Troy_OH,STR_CINCIN_03,66.95,21.76,1.0
DFC_Troy_OH,STR_CINCIN_04,50.61,17.12,1.0
DFC_Troy_OH,STR_CINCIN_05,58.79,19.79,1.0
DFC_Troy_OH,STR_CINCIN_06,62.27,21.11,1.0
DFC_Troy_OH,STR_CINCIN_07,63.84,21.36,1.0
DFC_Troy_OH,STR_CINCIN_08,55.72,19.16,1.0
DFC_Troy_OH,STR_ST.LOU_01,343.54,104.96,1.0
DFC_Troy_OH,STR_ST.LOU_02,342.13,104.7,1.0
DFC_Troy_OH,STR_ST.LOU_03,350.37,107.31,1.0
DFC_Troy_OH,STR_BOSTON_01,686.65,207.41,1.91
DFC_Troy_OH,STR_BOSTON_02,693.2,210.34,1.93
DFC_Troy_OH,STR_BOSTON_03,694.26,209.81,1.93
DFC_Troy_OH,STR_BOSTON_04,700.69,212.46,1.95
DFC_Troy_OH,STR_BOSTON_05,710.61,215.35,1.97
DFC_Troy_OH,STR_BOSTON_06,693.7,209.53,1.93
DFC_Troy_OH,STR_BOSTON_07,697.29,210.61,1.94
DFC_Troy_OH,STR_NEWYOR_01,535.29,162.95,1.49
DFC_Troy_OH,STR_NEWYOR_02,536.36,163.21,1.49
DFC_Troy_OH,STR_PHILAD_01,482.57,146.55,1.34
DFC_Troy_OH,STR_PHILAD_02,465.33,141.38,1.29
DFC_Troy_OH,STR_PHILAD_03,484.72,147.54,1.35
DFC_Troy_OH,STR_PHILAD_04,470.18,143.05,1.31
DFC_Troy_OH,STR_PHILAD_05,467.65,142.56,1.3
DFC_Troy_OH,STR_PHILAD_06,477.11,145.25,1.33
DFC_Troy_OH,STR_PHILAD_07,465.35,142.0,1.29
DFC_Troy_OH,STR_BALTIM_01,405.49,123.89,1.13
DFC_Troy_OH,STR_BALTIM_02,422.21,128.84,1.17
DFC_Troy_OH,STR_BALTIM_03,416.67,126.91,1.16
DFC_Troy_OH,STR_BALTIM_04,413.05,125.81,1.15
DFC_Troy_OH,STR_BALTIM_05,407.91,124.36,1.13
DFC_Troy_OH,STR_BALTIM_06,405.36,124.07,1.13
DFC_Troy_OH,STR_BALTIM_07,405.88,123.66,1.13
DFC_Troy_OH,STR_BALTIM_08,397.37,121.28,1.1
DFC_Troy_OH,STR_CHARLO_01,369.26,112.22,1.03
DFC_Troy_OH,STR_CHARLO_02,377.91,115.54,1.05
DFC_Troy_OH,STR_CHARLO_03,374.34,114.87,1.04
DFC_Troy_OH,STR_CHARLO_04,377.22,114.93,1.05
DFC_Troy_OH,STR_CHARLO_05,383.94,117.97,1.07
DFC_Troy_OH,STR_CHARLO_06,367.9,112.41,1.02
DFC_Troy_OH,STR_CHARLO_07,380.85,115.61,1.06
DFC_Troy_OH,STR_CHARLO_08,387.13,118.04,1.08
DFC_Troy_OH,STR_ATLANT_01,448.07,136.75,1.24
DFC_Troy_OH,STR_ATLANT_02,451.17,137.85,1.25
DFC_Troy_OH,STR_ATLANT_03,433.0,132.08,1.2
DFC_Troy_OH,STR_ATLANT_04,445.91,136.16,1.24
DFC_Troy_OH,STR_ATLANT_05,423.14,128.65,1.18
DFC_Troy_OH,STR_ATLANT_06,433.04,131.74,1.2
DFC_Troy_OH,STR_ORLAND_01,807.13,243.72,2.24
DFC_Troy_OH,STR_ORLAND_02,817.04,246.96,2.27
DFC_Troy_OH,STR_ORLAND_03,805.31,243.78,2.24
DFC_Troy_OH,STR_ORLAND_04,818.09,247.48,2.27
DFC_Troy_OH,STR_ORLAND_05,806.92,244.29,2.24
DFC_Troy_OH,STR_TAMPA_01,826.18,249.62,2.29
DFC_Troy_OH,STR_TAMPA_02,838.74,253.4,2.33
DFC_Troy_OH,STR_TAMPA_03,856.55,259.02,2.38
DFC_Troy_OH,STR_TAMPA_04,841.33,254.25,2.34
DFC_Troy_OH,STR_TAMPA_05,846.54,256.29,2.35
DFC_Troy_OH,STR_TAMPA_06,850.79,257.08,2.36
DFC_Troy_OH,STR_TAMPA_07,844.96,255.36,2.35
DFC_Troy_OH,STR_TAMPA_08,851.18,257.46,2.36
DFC_Troy_OH,STR_MIAMI_01,1006.22,303.77,2.8
DFC_Troy_OH,STR_MIAMI_02,1002.54,302.45,2.78
DFC_Troy_OH,STR_MIAMI_03,1012.0,305.33,2.81
DFC_Troy_OH,STR_MIAMI_04,1024.48,309.48,2.85
DFC_Troy_OH,STR_MIAMI_05,1028.18,310.12,2.86
DFC_Dallas_TX,STR_SEATTL_01,1677.14,505.49,4.66
DFC_Dallas_TX,STR_SEATTL_02,1678.5,505.38,4.66
DFC_Dallas_TX,STR_PORTLA_01,1630.16,491.2,4.53
DFC_Dallas_TX,STR_PORTLA_02,1637.05,492.96,4.55
DFC_Dallas_TX,STR_SANFRA_01,1473.5,443.82,4.09
DFC_Dallas_TX,STR_SANFRA_02,1482.8,446.9,4.12
DFC_Dallas_TX,STR_SANFRA_03,1488.4,448.78,4.13
DFC_Dallas_TX,STR_SANFRA_04,1470.84,443.19,4.09
DFC_Dallas_TX,STR_SANFRA_05,1469.82,442.93,4.08
DFC_Dallas_TX,STR_SANFRA_06,1482.23,446.87,4.12
DFC_Dallas_TX,STR_LOSANG_01,1238.62,373.8,3.44
DFC_Dallas_TX,STR_LOSANG_02,1243.39,375.01,3.45
DFC_Dallas_TX,STR_LOSANG_03,1222.72,368.7,3.4
DFC_Dallas_TX,STR_LOSANG_04,1231.62,371.51,3.42
DFC_Dallas_TX,STR_LOSANG_05,1228.8,370.59,3.41
DFC_Dallas_TX,STR_SANDIE_01,1185.74,357.8,3.29
DFC_Dallas_TX,STR_SANDIE_02,1172.1,353.33,3.26
DFC_Dallas_TX,STR_SANDIE_03,1185.07,357.59,3.29
DFC_Dallas_TX,STR_PHOENI_01,889.46,268.66,2.47
DFC_Dallas_TX,STR_PHOENI_02,887.7,268.54,2.47
DFC_Dallas_TX,STR_PHOENI_03,890.4,268.95,2.47
DFC_Dallas_TX,STR_PHOENI_04,870.79,263.07,2.42
DFC_Dallas_TX,STR_PHOENI_05,877.53,265.37,2.44
DFC_Dallas_TX,STR_PHOENI_06,869.98,263.0,2.42
DFC_Dallas_TX,STR_PHOENI_07,888.66,269.17,2.47
DFC_Dallas_TX,STR_PHOENI_08,880.32,265.69,2.45
DFC_Dallas_TX,STR_LASVEG_01,1069.03,322.74,2.97
DFC_Dallas_TX,STR_LASVEG_02,1070.13,323.32,2.97
DFC_Dallas_TX,STR_LASVEG_03,1078.2,325.31,2.99
DFC_Dallas_TX,STR_LASVEG_04,1058.84,319.43,2.94
DFC_Dallas_TX,STR_DENVER_01,647.21,195.94,1.8
DFC_Dallas_TX,STR_DENVER_02,667.5,201.85,1.85
DFC_Dallas_TX,STR_DENVER_03,650.9,197.61,1.81
DFC_Dallas_TX,STR_DENVER_04,670.45,203.05,1.86
DFC_Dallas_TX,STR_DENVER_05,663.67,200.99,1.84
DFC_Dallas_TX,STR_DENVER_06,643.07,194.39,1.79
DFC_Dallas_TX,STR_DENVER_07,662.66,200.44,1.84
DFC_Dallas_TX,STR_DENVER_08,650.69,197.57,1.81
DFC_Dallas_TX,STR_MINNEA_01,852.91,257.95,2.37
DFC_Dallas_TX,STR_MINNEA_02,846.55,256.26,2.35
DFC_Dallas_TX,STR_CHICAG_01,797.88,241.62,2.22
DFC_Dallas_TX,STR_CHICAG_02,802.92,242.63,2.23
DFC_Dallas_TX,STR_CHICAG_03,810.13,245.65,2.25
DFC_Dallas_TX,STR_CHICAG_04,809.39,245.3,2.25
DFC_Dallas_TX,STR_CHICAG_05,799.63,241.75,2.22
DFC_Dallas_TX,STR_CHICAG_06,809.75,244.03,2.25
DFC_Dallas_TX,STR_CHICAG_07,796.24,240.78,2.21
DFC_Dallas_TX,STR_DETROI_01,990.87,299.32,2.75
DFC_Dallas_TX,STR_DETROI_02,1006.25,303.73,2.8
DFC_Dallas_TX,STR_DETROI_03,1000.12,301.98,2.78
DFC_Dallas_TX,STR_DETROI_04,995.12,300.33,2.76
DFC_Dallas_TX,STR_COLUMB_01,905.79,273.97,2.52
DFC_Dallas_TX,STR_COLUMB_02,912.0,275.61,2.53
DFC_Dallas_TX,STR_CINCIN_01,811.43,245.67,2.25
DFC_Dallas_TX,STR_CINCIN_02,813.4,246.33,2.26
DFC_Dallas_TX,STR_CINCIN_03,816.68,246.46,2.27
DFC_Dallas_TX,STR_CINCIN_04,831.48,251.25,2.31
DFC_Dallas_TX,STR_CINCIN_05,822.39,248.56,2.28
DFC_Dallas_TX,STR_CINCIN_06,814.88,247.11,2.26
DFC_Dallas_TX,STR_CINCIN_07,813.58,246.11,2.26
DFC_Dallas_TX,STR_CINCIN_08,819.25,247.98,2.28
DFC_Dallas_TX,STR_ST.LOU_01,537.54,162.79,1.49
DFC_Dallas_TX,STR_ST.LOU_02,544.45,165.37,1.51
DFC_Dallas_TX,STR_ST.LOU_03,532.34,161.95,1.48
DFC_Dallas_TX,STR_BOSTON_01,1534.84,462.67,4.26
DFC_Dallas_TX,STR_BOSTON_02,1541.04,464.47,4.28
DFC_Dallas_TX,STR_BOSTON_03,1544.51,465.36,4.29
DFC_Dallas_TX,STR_BOSTON_04,1550.6,467.19,4.31
DFC_Dallas_TX,STR_BOSTON_05,1561.34,469.98,4.34
DFC_Dallas_TX,STR_BOSTON_06,1544.27,465.05,4.29
DFC_Dallas_TX,STR_BOSTON_07,1547.24,466.23,4.3
DFC_Dallas_TX,STR_NEWYOR_01,1365.78,411.56,3.79
DFC_Dallas_TX,STR_NEWYOR_02,1369.78,413.11,3.8
DFC_Dallas_TX,STR_PHILAD_01,1298.17,391.57,3.61
DFC_Dallas_TX,STR_PHILAD_02,1288.44,388.87,3.58
DFC_Dallas_TX,STR_PHILAD_03,1308.04,394.65,3.63
DFC_Dallas_TX,STR_PHILAD_04,1286.81,388.1,3.57
DFC_Dallas_TX,STR_PHILAD_05,1289.43,389.01,3.58
DFC_Dallas_TX,STR_PHILAD_06,1294.42,390.58,3.6
DFC_Dallas_TX,STR_PHILAD_07,1291.01,389.18,3.59
DFC_Dallas_TX,STR_BALTIM_01,1216.51,366.87,3.38
DFC_Dallas_TX,STR_BALTIM_02,1220.78,368.21,3.39
DFC_Dallas_TX,STR_BALTIM_03,1227.02,369.99,3.41
DFC_Dallas_TX,STR_BALTIM_04,1224.77,369.69,3.4
DFC_Dallas_TX,STR_BALTIM_05,1208.47,364.38,3.36
DFC_Dallas_TX,STR_BALTIM_06,1206.7,364.32,3.35
DFC_Dallas_TX,STR_BALTIM_07,1204.75,363.33,3.35
DFC_Dallas_TX,STR_BALTIM_08,1210.39,365.24,3.36
DFC_Dallas_TX,STR_CHARLO_01,924.99,279.54,2.57
DFC_Dallas_TX,STR_CHARLO_02,937.13,282.9,2.6
DFC_Dallas_TX,STR_CHARLO_03,935.53,282.65,2.6
DFC_Dallas_TX,STR_CHARLO_04,921.21,278.45,2.56
DFC_Dallas_TX,STR_CHARLO_05,916.61,276.97,2.55
DFC_Dallas_TX,STR_CHARLO_06,918.52,277.22,2.55
DFC_Dallas_TX,STR_CHARLO_07,916.69,277.43,2.55
DFC_Dallas_TX,STR_CHARLO_08,941.67,284.52,2.62
DFC_Dallas_TX,STR_ATLANT_01,734.6,222.18,2.04
DFC_Dallas_TX,STR_ATLANT_02,712.26,216.08,1.98
DFC_Dallas_TX,STR_ATLANT_03,726.72,220.17,2.02
DFC_Dallas_TX,STR_ATLANT_04,710.44,214.83,1.97
DFC_Dallas_TX,STR_ATLANT_05,714.84,216.19,1.99
DFC_Dallas_TX,STR_ATLANT_06,725.12,219.48,2.01
DFC_Dallas_TX,STR_ORLAND_01,963.77,291.2,2.68
DFC_Dallas_TX,STR_ORLAND_02,959.55,290.02,2.67
DFC_Dallas_TX,STR_ORLAND_03,956.52,289.19,2.66
DFC_Dallas_TX,STR_ORLAND_04,956.56,289.1,2.66
DFC_Dallas_TX,STR_ORLAND_05,960.87,290.6,2.67
DFC_Dallas_TX,STR_TAMPA_01,899.85,271.99,2.5
DFC_Dallas_TX,STR_TAMPA_02,919.72,277.73,2.55
DFC_Dallas_TX,STR_TAMPA_03,926.68,280.0,2.57
DFC_Dallas_TX,STR_TAMPA_04,909.48,274.83,2.53
DFC_Dallas_TX,STR_TAMPA_05,910.05,274.37,2.53
DFC_Dallas_TX,STR_TAMPA_06,917.57,277.13,2.55
DFC_Dallas_TX,STR_TAMPA_07,921.83,278.63,2.56
DFC_Dallas_TX,STR_TAMPA_08,936.0,282.69,2.6
DFC_Dallas_TX,STR_MIAMI_01,1097.44,331.07,3.05
DFC_Dallas_TX,STR_MIAMI_02,1102.53,332.99,3.06
DFC_Dallas_TX,STR_MIAMI_03,1122.45,338.51,3.12
DFC_Dallas_TX,STR_MIAMI_04,1109.38,334.99,3.08
DFC_Dallas_TX,STR_MIAMI_05,1121.61,338.15,3.12
DFC_EastPoint_GA,STR_SEATTL_01,2179.54,656.55,6.05
DFC_EastPoint_GA,STR_SEATTL_02,2181.43,656.38,6.06
DFC_EastPoint_GA,STR_PORTLA_01,2167.47,652.16,6.02
DFC_EastPoint_GA,STR_PORTLA_02,2172.53,654.05,6.03
DFC_EastPoint_GA,STR_SANFRA_01,2129.0,640.59,5.91
DFC_EastPoint_GA,STR_SANFRA_02,2134.85,642.82,5.93
DFC_EastPoint_GA,STR_SANFRA_03,2144.51,645.45,5.96
DFC_EastPoint_GA,STR_SANFRA_04,2124.18,639.22,5.9
DFC_EastPoint_GA,STR_SANFRA_05,2121.21,638.31,5.89
DFC_EastPoint_GA,STR_SANFRA_06,2134.39,642.62,5.93
DFC_EastPoint_GA,STR_LOSANG_01,1931.17,581.41,5.36
DFC_EastPoint_GA,STR_LOSANG_02,1936.98,583.2,5.38
DFC_EastPoint_GA,STR_LOSANG_03,1916.96,577.22,5.32
DFC_EastPoint_GA,STR_LOSANG_04,1924.2,579.29,5.34
DFC_EastPoint_GA,STR_LOSANG_05,1923.35,579.13,5.34
DFC_EastPoint_GA,STR_SANDIE_01,1889.34,568.77,5.25
DFC_EastPoint_GA,STR_SANDIE_02,1874.4,564.31,5.21
DFC_EastPoint_GA,STR_SANDIE_03,1889.43,568.55,5.25
DFC_EastPoint_GA,STR_PHOENI_01,1590.13,479.11,4.42
DFC_EastPoint_GA,STR_PHOENI_02,1591.42,479.0,4.42
DFC_EastPoint_GA,STR_PHOENI_03,1593.17,480.02,4.43
DFC_EastPoint_GA,STR_PHOENI_04,1570.89,473.2,4.36
DFC_EastPoint_GA,STR_PHOENI_05,1580.25,476.17,4.39
DFC_EastPoint_GA,STR_PHOENI_06,1572.44,473.47,4.37
DFC_EastPoint_GA,STR_PHOENI_07,1590.67,478.67,4.42
DFC_EastPoint_GA,STR_PHOENI_08,1583.28,476.9,4.4
DFC_EastPoint_GA,STR_LASVEG_01,1739.52,523.6,4.83
DFC_EastPoint_GA,STR_LASVEG_02,1741.69,524.06,4.84
DFC_EastPoint_GA,STR_LASVEG_03,1747.12,526.33,4.85
DFC_EastPoint_GA,STR_LASVEG_04,1730.91,521.67,4.81
DFC_EastPoint_GA,STR_DENVER_01,1200.89,362.07,3.34
DFC_EastPoint_GA,STR_DENVER_02,1211.82,365.53,3.37
DFC_EastPoint_GA,STR_DENVER_03,1206.9,363.99,3.35
DFC_EastPoint_GA,STR_DENVER_04,1210.84,365.09,3.36
DFC_EastPoint_GA,STR_DENVER_05,1202.13,362.8,3.34
DFC_EastPoint_GA,STR_DENVER_06,1197.69,361.56,3.33
DFC_EastPoint_GA,STR_DENVER_07,1207.93,364.16,3.36
DFC_EastPoint_GA,STR_DENVER_08,1201.81,362.55,3.34
DFC_EastPoint_GA,STR_MINNEA_01,908.91,275.0,2.52
DFC_EastPoint_GA,STR_MINNEA_02,892.83,270.02,2.48
DFC_EastPoint_GA,STR_CHICAG_01,584.62,177.59,1.62
DFC_EastPoint_GA,STR_CHICAG_02,578.62,175.93,1.61
DFC_EastPoint_GA,STR_CHICAG_03,606.17,184.19,1.68
DFC_EastPoint_GA,STR_CHICAG_04,596.13,181.1,1.66
DFC_EastPoint_GA,STR_CHICAG_05,578.92,175.71,1.61
DFC_EastPoint_GA,STR_CHICAG_06,591.55,179.37,1.64
DFC_EastPoint_GA,STR_CHICAG_07,597.46,181.26,1.66
DFC_EastPoint_GA,STR_DETROI_01,601.83,182.42,1.67
DFC_EastPoint_GA,STR_DETROI_02,600.67,181.71,1.67
DFC_EastPoint_GA,STR_DETROI_03,613.14,185.87,1.7
DFC_EastPoint_GA,STR_DETROI_04,594.87,180.55,1.65
DFC_EastPoint_GA,STR_COLUMB_01,428.24,130.33,1.19
DFC_EastPoint_GA,STR_COLUMB_02,429.2,130.71,1.19
DFC_EastPoint_GA,STR_CINCIN_01,362.46,110.7,1.01
DFC_EastPoint_GA,STR_CINCIN_02,390.96,119.63,1.09
DFC_EastPoint_GA,STR_CINCIN_03,376.33,114.81,1.05
DFC_EastPoint_GA,STR_CINCIN_04,391.56,119.81,1.09
DFC_EastPoint_GA,STR_CINCIN_05,384.21,116.58,1.07
DFC_EastPoint_GA,STR_CINCIN_06,382.76,117.16,1.06
DFC_EastPoint_GA,STR_CINCIN_07,381.33,116.72,1.06
DFC_EastPoint_GA,STR_CINCIN_08,389.19,118.98,1.08
DFC_EastPoint_GA,STR_ST.LOU_01,464.07,140.72,1.29
DFC_EastPoint_GA,STR_ST.LOU_02,474.95,144.74,1.32
DFC_EastPoint_GA,STR_ST.LOU_03,469.18,142.74,1.3
DFC_EastPoint_GA,STR_BOSTON_01,926.11,279.2,2.57
DFC_EastPoint_GA,STR_BOSTON_02,931.11,281.66,2.59
DFC_EastPoint_GA,STR_BOSTON_03,939.57,284.23,2.61
DFC_EastPoint_GA,STR_BOSTON_04,944.44,284.86,2.62
DFC_EastPoint_GA,STR_BOSTON_05,956.33,288.94,2.66
DFC_EastPoint_GA,STR_BOSTON_06,940.08,284.37,2.61
DFC_EastPoint_GA,STR_BOSTON_07,941.43,284.74,2.62
DFC_EastPoint_GA,STR_NEWYOR_01,743.96,225.4,2.07
DFC_EastPoint_GA,STR_NEWYOR_02,751.42,226.76,2.09
DFC_EastPoint_GA,STR_PHILAD_01,667.39,202.4,1.85
DFC_EastPoint_GA,STR_PHILAD_02,667.19,202.1,1.85
DFC_EastPoint_GA,STR_PHILAD_03,684.4,207.57,1.9
DFC_EastPoint_GA,STR_PHILAD_04,658.63,199.65,1.83
DFC_EastPoint_GA,STR_PHILAD_05,666.5,201.95,1.85
DFC_EastPoint_GA,STR_PHILAD_06,665.94,201.94,1.85
DFC_EastPoint_GA,STR_PHILAD_07,672.41,203.68,1.87
DFC_EastPoint_GA,STR_BALTIM_01,593.48,180.04,1.65
DFC_EastPoint_GA,STR_BALTIM_02,585.42,177.49,1.63
DFC_EastPoint_GA,STR_BALTIM_03,601.53,182.06,1.67
DFC_EastPoint_GA,STR_BALTIM_04,601.03,182.45,1.67
DFC_EastPoint_GA,STR_BALTIM_05,576.97,174.89,1.6
DFC_EastPoint_GA,STR_BALTIM_06,576.21,174.81,1.6
DFC_EastPoint_GA,STR_BALTIM_07,572.42,173.8,1.59
DFC_EastPoint_GA,STR_BALTIM_08,590.48,178.62,1.64
DFC_EastPoint_GA,STR_CHARLO_01,233.0,71.43,1.0
DFC_EastPoint_GA,STR_CHARLO_02,242.62,74.71,1.0
DFC_EastPoint_GA,STR_CHARLO_03,242.29,74.8,1.0
DFC_EastPoint_GA,STR_CHARLO_04,225.74,69.91,1.0
DFC_EastPoint_GA,STR_CHARLO_05,218.28,67.08,1.0
DFC_EastPoint_GA,STR_CHARLO_06,226.66,70.16,1.0
DFC_EastPoint_GA,STR_CHARLO_07,219.52,67.8,1.0
DFC_EastPoint_GA,STR_CHARLO_08,244.09,75.01,1.0
DFC_EastPoint_GA,STR_ATLANT_01,19.95,7.82,1.0
DFC_EastPoint_GA,STR_ATLANT_02,9.68,5.1,1.0
DFC_EastPoint_GA,STR_ATLANT_03,13.78,6.2,1.0
DFC_EastPoint_GA,STR_ATLANT_04,6.46,3.95,1.0
DFC_EastPoint_GA,STR_ATLANT_05,19.0,7.76,1.0
DFC_EastPoint_GA,STR_ATLANT_06,12.57,6.0,1.0
DFC_EastPoint_GA,STR_ORLAND_01,395.4,120.59,1.1
DFC_EastPoint_GA,STR_ORLAND_02,401.87,122.58,1.12
DFC_EastPoint_GA,STR_ORLAND_03,391.59,119.76,1.09
DFC_EastPoint_GA,STR_ORLAND_04,401.79,122.45,1.12
DFC_EastPoint_GA,STR_ORLAND_05,394.27,120.44,1.1
DFC_EastPoint_GA,STR_TAMPA_01,394.58,120.25,1.1
DFC_EastPoint_GA,STR_TAMPA_02,409.67,124.8,1.14
DFC_EastPoint_GA,STR_TAMPA_03,426.72,129.99,1.19
DFC_EastPoint_GA,STR_TAMPA_04,409.9,125.1,1.14
DFC_EastPoint_GA,STR_TAMPA_05,414.64,126.69,1.15
DFC_EastPoint_GA,STR_TAMPA_06,419.84,127.98,1.17
DFC_EastPoint_GA,STR_TAMPA_07,415.56,126.29,1.15
DFC_EastPoint_GA,STR_TAMPA_08,424.02,129.36,1.18
DFC_EastPoint_GA,STR_MIAMI_01,592.91,180.49,1.65
DFC_EastPoint_GA,STR_MIAMI_02,591.39,179.44,1.64
DFC_EastPoint_GA,STR_MIAMI_03,604.56,182.94,1.68
DFC_EastPoint_GA,STR_MIAMI_04,610.75,185.27,1.7
DFC_EastPoint_GA,STR_MIAMI_05,617.02,187.1,1.71
FDC_Dallas_TX,STR_SEATTL_01,1682.14,506.62,4.67
FDC_Dallas_TX,STR_SEATTL_02,1683.5,507.29,4.68
FDC_Dallas_TX,STR_PORTLA_01,1635.03,492.85,4.54
FDC_Dallas_TX,STR_PORTLA_02,1641.92,494.75,4.56
FDC_Dallas_TX,STR_SANFRA_01,1477.39,445.19,4.1
FDC_Dallas_TX,STR_SANFRA_02,1486.75,448.31,4.13
FDC_Dallas_TX,STR_SANFRA_03,1492.29,449.31,4.15
FDC_Dallas_TX,STR_SANFRA_04,1474.77,444.25,4.1
FDC_Dallas_TX,STR_SANFRA_05,1473.77,443.98,4.09
FDC_Dallas_TX,STR_SANFRA_06,1486.17,447.84,4.13
FDC_Dallas_TX,STR_LOSANG_01,1241.83,374.68,3.45
FDC_Dallas_TX,STR_LOSANG_02,1246.57,375.92,3.46
FDC_Dallas_TX,STR_LOSANG_03,1225.89,369.54,3.41
FDC_Dallas_TX,STR_LOSANG_04,1234.83,372.69,3.43
FDC_Dallas_TX,STR_LOSANG_05,1231.95,371.53,3.42
FDC_Dallas_TX,STR_SANDIE_01,1188.59,358.6,3.3
FDC_Dallas_TX,STR_SANDIE_02,1175.01,354.64,3.26
FDC_Dallas_TX,STR_SANDIE_03,1187.88,358.37,3.3
FDC_Dallas_TX,STR_PHOENI_01,892.5,269.76,2.48
FDC_Dallas_TX,STR_PHOENI_02,890.61,269.44,2.47
FDC_Dallas_TX,STR_PHOENI_03,893.35,270.04,2.48
FDC_Dallas_TX,STR_PHOENI_04,873.85,264.37,2.43
FDC_Dallas_TX,STR_PHOENI_05,880.49,266.28,2.45
FDC_Dallas_TX,STR_PHOENI_06,872.95,264.39,2.42
FDC_Dallas_TX,STR_PHOENI_07,891.64,269.59,2.48
FDC_Dallas_TX,STR_PHOENI_08,883.27,267.14,2.45
FDC_Dallas_TX,STR_LASVEG_01,1072.79,324.11,2.98
FDC_Dallas_TX,STR_LASVEG_02,1073.87,324.18,2.98
FDC_Dallas_TX,STR_LASVEG_03,1081.98,326.43,3.01
FDC_Dallas_TX,STR_LASVEG_04,1062.58,320.65,2.95
FDC_Dallas_TX,STR_DENVER_01,652.29,197.57,1.81
FDC_Dallas_TX,STR_DENVER_02,672.61,203.54,1.87
FDC_Dallas_TX,STR_DENVER_03,655.98,198.87,1.82
FDC_Dallas_TX,STR_DENVER_04,675.58,204.52,1.88
FDC_Dallas_TX,STR_DENVER_05,668.8,202.69,1.86
FDC_Dallas_TX,STR_DENVER_06,648.15,196.41,1.8
FDC_Dallas_TX,STR_DENVER_07,667.77,202.32,1.85
FDC_Dallas_TX,STR_DENVER_08,655.79,198.87,1.82
FDC_Dallas_TX,STR_MINNEA_01,857.0,258.96,2.38
FDC_Dallas_TX,STR_MINNEA_02,850.58,257.33,2.36
FDC_Dallas_TX,STR_CHICAG_01,800.18,242.45,2.22
FDC_Dallas_TX,STR_CHICAG_02,805.16,243.63,2.24
FDC_Dallas_TX,STR_CHICAG_03,812.53,245.56,2.26
FDC_Dallas_TX,STR_CHICAG_04,811.73,245.36,2.25
FDC_Dallas_TX,STR_CHICAG_05,801.88,242.5,2.23
FDC_Dallas_TX,STR_CHICAG_06,812.06,245.47,2.26
FDC_Dallas_TX,STR_CHICAG_07,798.63,241.34,2.22
FDC_Dallas_TX,STR_DETROI_01,992.49,299.79,2.76
FDC_Dallas_TX,STR_DETROI_02,1007.78,304.28,2.8
FDC_Dallas_TX,STR_DETROI_03,1001.77,302.58,2.78
FDC_Dallas_TX,STR_DETROI_04,996.67,301.3,2.77
FDC_Dallas_TX,STR_COLUMB_01,906.56,273.91,2.52
FDC_Dallas_TX,STR_COLUMB_02,912.74,275.53,2.54
FDC_Dallas_TX,STR_CINCIN_01,812.11,245.53,2.26
FDC_Dallas_TX,STR_CINCIN_02,814.27,246.47,2.26
FDC_Dallas_TX,STR_CINCIN_03,817.43,247.4,2.27
FDC_Dallas_TX,STR_CINCIN_04,832.3,251.82,2.31
FDC_Dallas_TX,STR_CINCIN_05,823.19,248.8,2.29
FDC_Dallas_TX,STR_CINCIN_06,815.69,246.89,2.27
FDC_Dallas_TX,STR_CINCIN_07,814.39,246.56,2.26
FDC_Dallas_TX,STR_CINCIN_08,820.09,247.85,2.28
FDC_Dallas_TX,STR_ST.LOU_01,539.45,163.82,1.5
FDC_Dallas_TX,STR_ST.LOU_02,546.45,166.44,1.52
FDC_Dallas_TX,STR_ST.LOU_03,534.29,162.1,1.48
FDC_Dallas_TX,STR_BOSTON_01,1535.27,462.15,4.26
FDC_Dallas_TX,STR_BOSTON_02,1541.46,464.78,4.28
FDC_Dallas_TX,STR_BOSTON_03,1544.98,465.78,4.29
FDC_Dallas_TX,STR_BOSTON_04,1551.06,467.2,4.31
FDC_Dallas_TX,STR_BOSTON_05,1561.83,470.52,4.34
FDC_Dallas_TX,STR_BOSTON_06,1544.75,465.12,4.29
FDC_Dallas_TX,STR_BOSTON_07,1547.71,466.34,4.3
FDC_Dallas_TX,STR_NEWYOR_01,1365.96,412.08,3.79
FDC_Dallas_TX,STR_NEWYOR_02,1370.0,412.86,3.81
FDC_Dallas_TX,STR_PHILAD_01,1298.2,391.68,3.61
FDC_Dallas_TX,STR_PHILAD_02,1288.57,388.69,3.58
FDC_Dallas_TX,STR_PHILAD_03,1308.16,394.59,3.63
FDC_Dallas_TX,STR_PHILAD_04,1286.86,387.94,3.57
FDC_Dallas_TX,STR_PHILAD_05,1289.53,388.77,3.58
FDC_Dallas_TX,STR_PHILAD_06,1294.47,389.88,3.6
FDC_Dallas_TX,STR_PHILAD_07,1291.16,389.21,3.59
FDC_Dallas_TX,STR_BALTIM_01,1216.56,367.26,3.38
FDC_Dallas_TX,STR_BALTIM_02,1220.69,367.98,3.39
FDC_Dallas_TX,STR_BALTIM_03,1227.05,369.92,3.41
FDC_Dallas_TX,STR_BALTIM_04,1224.82,369.61,3.4
FDC_Dallas_TX,STR_BALTIM_05,1208.41,364.62,3.36
FDC_Dallas_TX,STR_BALTIM_06,1206.65,364.17,3.35
FDC_Dallas_TX,STR_BALTIM_07,1204.68,363.11,3.35
FDC_Dallas_TX,STR_BALTIM_08,1210.47,365.78,3.36
FDC_Dallas_TX,STR_CHARLO_01,923.89,278.86,2.57
FDC_Dallas_TX,STR_CHARLO_02,936.01,282.84,2.6
FDC_Dallas_TX,STR_CHARLO_03,934.42,282.29,2.6
FDC_Dallas_TX,STR_CHARLO_04,920.06,277.72,2.56
FDC_Dallas_TX,STR_CHARLO_05,915.41,276.53,2.54
FDC_Dallas_TX,STR_CHARLO_06,917.42,277.23,2.55
FDC_Dallas_TX,STR_CHARLO_07,915.51,276.49,2.54
FDC_Dallas_TX,STR_CHARLO_08,940.5,284.38,2.61
FDC_Dallas_TX,STR_ATLANT_01,732.82,221.81,2.04
FDC_Dallas_TX,STR_ATLANT_02,710.47,214.8,1.97
FDC_Dallas_TX,STR_ATLANT_03,725.05,219.16,2.01
FDC_Dallas_TX,STR_ATLANT_04,708.68,214.76,1.97
FDC_Dallas_TX,STR_ATLANT_05,713.24,215.6,1.98
FDC_Dallas_TX,STR_ATLANT_06,723.44,219.11,2.01
FDC_Dallas_TX,STR_ORLAND_01,960.33,290.21,2.67
FDC_Dallas_TX,STR_ORLAND_02,956.06,288.57,2.66
FDC_Dallas_TX,STR_ORLAND_03,953.08,288.15,2.65
FDC_Dallas_TX,STR_ORLAND_04,953.05,287.49,2.65
FDC_Dallas_TX,STR_ORLAND_05,957.43,289.3,2.66
FDC_Dallas_TX,STR_TAMPA_01,896.17,270.84,2.49
FDC_Dallas_TX,STR_TAMPA_02,916.02,276.78,2.54
FDC_Dallas_TX,STR_TAMPA_03,922.92,278.58,2.56
FDC_Dallas_TX,STR_TAMPA_04,905.75,273.49,2.52
FDC_Dallas_TX,STR_TAMPA_05,906.29,274.29,2.52
FDC_Dallas_TX,STR_TAMPA_06,913.8,276.45,2.54
FDC_Dallas_TX,STR_TAMPA_07,918.11,277.62,2.55
FDC_Dallas_TX,STR_TAMPA_08,932.28,281.92,2.59
FDC_Dallas_TX,STR_MIAMI_01,1093.47,330.25,3.04
FDC_Dallas_TX,STR_MIAMI_02,1098.58,331.49,3.05
FDC_Dallas_TX,STR_MIAMI_03,1118.52,337.57,3.11
FDC_Dallas_TX,STR_MIAMI_04,1105.36,333.24,3.07
FDC_Dallas_TX,STR_MIAMI_05,1117.61,337.26,3.1
FDC_SparrowsPoint_MD,STR_SEATTL_01,2339.87,704.26,6.5
FDC_SparrowsPoint_MD,STR_SEATTL_02,2342.13,704.47,6.51
FDC_SparrowsPoint_MD,STR_PORTLA_01,2362.25,710.93,6.56
FDC_SparrowsPoint_MD,STR_PORTLA_02,2365.18,711.58,6.57
FDC_SparrowsPoint_MD,STR_SANFRA_01,2456.39,738.57,6.82
FDC_SparrowsPoint_MD,STR_SANFRA_02,2457.45,738.96,6.83
FDC_SparrowsPoint_MD,STR_SANFRA_03,2472.03,743.84,6.87
FDC_SparrowsPoint_MD,STR_SANFRA_04,2448.93,736.82,6.8
FDC_SparrowsPoint_MD,STR_SANFRA_05,2443.58,735.1,6.79
FDC_SparrowsPoint_MD,STR_SANFRA_06,2457.15,739.08,6.83
FDC_SparrowsPoint_MD,STR_LOSANG_01,2321.9,698.62,6.45
FDC_SparrowsPoint_MD,STR_LOSANG_02,2329.35,701.02,6.47
FDC_SparrowsPoint_MD,STR_LOSANG_03,2311.22,695.74,6.42
FDC_SparrowsPoint_MD,STR_LOSANG_04,2315.22,696.95,6.43
FDC_SparrowsPoint_MD,STR_LOSANG_05,2317.97,697.48,6.44
FDC_SparrowsPoint_MD,STR_SANDIE_01,2303.42,692.98,6.4
FDC_SparrowsPoint_MD,STR_SANDIE_02,2286.03,687.85,6.35
FDC_SparrowsPoint_MD,STR_SANDIE_03,2305.25,693.7,6.4
FDC_SparrowsPoint_MD,STR_PHOENI_01,2008.85,604.78,5.58
FDC_SparrowsPoint_MD,STR_PHOENI_02,2016.07,607.15,5.6
FDC_SparrowsPoint_MD,STR_PHOENI_03,2015.82,607.27,5.6
FDC_SparrowsPoint_MD,STR_PHOENI_04,1989.41,598.77,5.53
FDC_SparrowsPoint_MD,STR_PHOENI_05,2003.31,603.53,5.56
FDC_SparrowsPoint_MD,STR_PHOENI_06,1995.33,600.89,5.54
FDC_SparrowsPoint_MD,STR_PHOENI_07,2011.93,605.55,5.59
FDC_SparrowsPoint_MD,STR_PHOENI_08,2006.71,604.39,5.57
FDC_SparrowsPoint_MD,STR_LASVEG_01,2105.45,634.06,5.85
FDC_SparrowsPoint_MD,STR_LASVEG_02,2108.9,634.56,5.86
FDC_SparrowsPoint_MD,STR_LASVEG_03,2110.6,635.61,5.86
FDC_SparrowsPoint_MD,STR_LASVEG_04,2099.36,632.08,5.83
FDC_SparrowsPoint_MD,STR_DENVER_01,1511.19,455.95,4.2
FDC_SparrowsPoint_MD,STR_DENVER_02,1513.41,455.92,4.2
FDC_SparrowsPoint_MD,STR_DENVER_03,1517.9,457.28,4.22
FDC_SparrowsPoint_MD,STR_DENVER_04,1509.71,454.41,4.19
FDC_SparrowsPoint_MD,STR_DENVER_05,1501.1,452.47,4.17
FDC_SparrowsPoint_MD,STR_DENVER_06,1509.21,454.86,4.19
FDC_SparrowsPoint_MD,STR_DENVER_07,1510.88,455.12,4.2
FDC_SparrowsPoint_MD,STR_DENVER_08,1510.07,455.0,4.19
FDC_SparrowsPoint_MD,STR_MINNEA_01,950.88,286.94,2.64
FDC_SparrowsPoint_MD,STR_MINNEA_02,934.59,282.68,2.6
FDC_SparrowsPoint_MD,STR_CHICAG_01,609.96,184.86,1.69
FDC_SparrowsPoint_MD,STR_CHICAG_02,598.95,182.46,1.66
FDC_SparrowsPoint_MD,STR_CHICAG_03,620.15,188.0,1.72
FDC_SparrowsPoint_MD,STR_CHICAG_04,610.39,184.93,1.7
FDC_SparrowsPoint_MD,STR_CHICAG_05,602.5,182.65,1.67
FDC_SparrowsPoint_MD,STR_CHICAG_06,605.31,183.24,1.68
FDC_SparrowsPoint_MD,STR_CHICAG_07,624.63,189.51,1.74
FDC_SparrowsPoint_MD,STR_DETROI_01,413.4,125.91,1.15
FDC_SparrowsPoint_MD,STR_DETROI_02,391.93,119.86,1.09
FDC_SparrowsPoint_MD,STR_DETROI_03,416.14,126.77,1.16
FDC_SparrowsPoint_MD,STR_DETROI_04,399.04,122.06,1.11
FDC_SparrowsPoint_MD,STR_COLUMB_01,347.98,106.58,1.0
FDC_SparrowsPoint_MD,STR_COLUMB_02,340.66,104.21,1.0
FDC_SparrowsPoint_MD,STR_CINCIN_01,424.55,129.76,1.18
FDC_SparrowsPoint_MD,STR_CINCIN_02,436.3,133.13,1.21
FDC_SparrowsPoint_MD,STR_CINCIN_03,425.02,130.24,1.18
FDC_SparrowsPoint_MD,STR_CINCIN_04,415.88,126.66,1.16
FDC_SparrowsPoint_MD,STR_CINCIN_05,422.45,128.75,1.17
FDC_SparrowsPoint_MD,STR_CINCIN_06,430.28,131.48,1.2
FDC_SparrowsPoint_MD,STR_CINCIN_07,431.02,130.92,1.2
FDC_SparrowsPoint_MD,STR_CINCIN_08,428.68,130.93,1.19
FDC_SparrowsPoint_MD,STR_ST.LOU_01,741.14,224.45,2.06
FDC_SparrowsPoint_MD,STR_ST.LOU_02,742.39,224.5,2.06
FDC_SparrowsPoint_MD,STR_ST.LOU_03,748.31,226.15,2.08
FDC_SparrowsPoint_MD,STR_BOSTON_01,343.15,104.78,1.0
FDC_SparrowsPoint_MD,STR_BOSTON_02,348.16,105.88,1.0
FDC_SparrowsPoint_MD,STR_BOSTON_03,356.72,108.89,1.0
FDC_SparrowsPoint_MD,STR_BOSTON_04,361.51,110.61,1.0
FDC_SparrowsPoint_MD,STR_BOSTON_05,373.42,113.91,1.04
FDC_SparrowsPoint_MD,STR_BOSTON_06,357.27,109.53,1.0
FDC_SparrowsPoint_MD,STR_BOSTON_07,358.52,109.97,1.0
FDC_SparrowsPoint_MD,STR_NEWYOR_01,161.1,50.65,1.0
FDC_SparrowsPoint_MD,STR_NEWYOR_02,168.47,52.6,1.0
FDC_SparrowsPoint_MD,STR_PHILAD_01,85.82,27.16,1.0
FDC_SparrowsPoint_MD,STR_PHILAD_02,84.68,27.23,1.0
FDC_SparrowsPoint_MD,STR_PHILAD_03,101.44,32.4,1.0
FDC_SparrowsPoint_MD,STR_PHILAD_04,76.0,24.58,1.0
FDC_SparrowsPoint_MD,STR_PHILAD_05,83.68,27.07,1.0
FDC_SparrowsPoint_MD,STR_PHILAD_06,83.49,27.45,1.0
FDC_SparrowsPoint_MD,STR_PHILAD_07,90.59,28.76,1.0
FDC_SparrowsPoint_MD,STR_BALTIM_01,20.99,8.75,1.0
FDC_SparrowsPoint_MD,STR_BALTIM_02,11.36,5.63,1.0
FDC_SparrowsPoint_MD,STR_BALTIM_03,21.36,8.48,1.0
FDC_SparrowsPoint_MD,STR_BALTIM_04,23.44,8.85,1.0
FDC_SparrowsPoint_MD,STR_BALTIM_05,6.02,3.59,1.0
FDC_SparrowsPoint_MD,STR_BALTIM_06,7.49,3.84,1.0
FDC_SparrowsPoint_MD,STR_BALTIM_07,10.56,5.6,1.0
FDC_SparrowsPoint_MD,STR_BALTIM_08,27.29,10.57,1.0
FDC_SparrowsPoint_MD,STR_CHARLO_01,357.93,109.03,1.0
FDC_SparrowsPoint_MD,STR_CHARLO_02,352.08,107.48,1.0
FDC_SparrowsPoint_MD,STR_CHARLO_03,351.03,107.42,1.0
FDC_SparrowsPoint_MD,STR_CHARLO_04,367.47,112.17,1.02
FDC_SparrowsPoint_MD,STR_CHARLO_05,376.94,114.6,1.05
FDC_SparrowsPoint_MD,STR_CHARLO_06,363.41,110.86,1.01
FDC_SparrowsPoint_MD,STR_CHARLO_07,374.57,114.86,1.04
FDC_SparrowsPoint_MD,STR_CHARLO_08,354.62,108.24,1.0
FDC_SparrowsPoint_MD,STR_ATLANT_01,573.73,174.08,1.59
FDC_SparrowsPoint_MD,STR_ATLANT_02,591.64,179.21,1.64
FDC_SparrowsPoint_MD,STR_ATLANT_03,569.21,172.91,1.58
FDC_SparrowsPoint_MD,STR_ATLANT_04,589.36,178.84,1.64
FDC_SparrowsPoint_MD,STR_ATLANT_05,571.47,173.25,1.59
FDC_SparrowsPoint_MD,STR_ATLANT_06,570.39,172.79,1.58
FDC_SparrowsPoint_MD,STR_ORLAND_01,779.55,236.22,2.17
FDC_SparrowsPoint_MD,STR_ORLAND_02,793.75,239.72,2.2
FDC_SparrowsPoint_MD,STR_ORLAND_03,781.71,236.64,2.17
FDC_SparrowsPoint_MD,STR_ORLAND_04,796.74,240.48,2.21
FDC_SparrowsPoint_MD,STR_ORLAND_05,781.03,236.49,2.17
FDC_SparrowsPoint_MD,STR_TAMPA_01,838.56,253.81,2.33
FDC_SparrowsPoint_MD,STR_TAMPA_02,842.05,254.89,2.34
FDC_SparrowsPoint_MD,STR_TAMPA_03,859.03,259.67,2.39
FDC_SparrowsPoint_MD,STR_TAMPA_04,850.75,257.62,2.36
FDC_SparrowsPoint_MD,STR_TAMPA_05,856.5,259.53,2.38
FDC_SparrowsPoint_MD,STR_TAMPA_06,857.31,259.11,2.38
FDC_SparrowsPoint_MD,STR_TAMPA_07,848.13,256.33,2.36
FDC_SparrowsPoint_MD,STR_TAMPA_08,847.53,256.29,2.35
FDC_SparrowsPoint_MD,STR_MIAMI_01,948.66,286.48,2.64
FDC_SparrowsPoint_MD,STR_MIAMI_02,941.17,284.2,2.61
FDC_SparrowsPoint_MD,STR_MIAMI_03,942.26,284.54,2.62
FDC_SparrowsPoint_MD,STR_MIAMI_04,965.45,292.06,2.68
FDC_SparrowsPoint_MD,STR_MIAMI_05,963.5,291.24,2.68
PRO_Detroit_MI,STR_SEATTL_01,1936.55,582.85,5.38
PRO_Detroit_MI,STR_SEATTL_02,1938.84,583.04,5.39
PRO_Detroit_MI,STR_PORTLA_01,1962.35,590.32,5.45
PRO_Detroit_MI,STR_PORTLA_02,1965.0,591.63,5.46
PRO_Detroit_MI,STR_SANFRA_01,2086.6,627.45,5.8
PRO_Detroit_MI,STR_SANFRA_02,2086.0,627.87,5.79
PRO_Detroit_MI,STR_SANFRA_03,2102.11,632.37,5.84
PRO_Detroit_MI,STR_SANFRA_04,2078.32,625.52,5.77
PRO_Detroit_MI,STR_SANFRA_05,2072.21,623.68,5.76
PRO_Detroit_MI,STR_SANFRA_06,2085.76,627.76,5.79
PRO_Detroit_MI,STR_LOSANG_01,1980.83,596.15,5.5
PRO_Detroit_MI,STR_LOSANG_02,1988.98,598.59,5.52
PRO_Detroit_MI,STR_LOSANG_03,1972.14,593.46,5.48
PRO_Detroit_MI,STR_LOSANG_04,1974.41,594.45,5.48
PRO_Detroit_MI,STR_LOSANG_05,1978.94,595.88,5.5
PRO_Detroit_MI,STR_SANDIE_01,1975.19,594.25,5.49
PRO_Detroit_MI,STR_SANDIE_02,1956.75,589.01,5.44
PRO_Detroit_MI,STR_SANDIE_03,1977.98,595.44,5.49
PRO_Detroit_MI,STR_PHOENI_01,1689.95,509.03,4.69
PRO_Detroit_MI,STR_PHOENI_02,1700.6,512.22,4.72
PRO_Detroit_MI,STR_PHOENI_03,1699.12,511.64,4.72
PRO_Detroit_MI,STR_PHOENI_04,1670.9,503.34,4.64
PRO_Detroit_MI,STR_PHOENI_05,1687.21,508.32,4.69
PRO_Detroit_MI,STR_PHOENI_06,1679.33,505.84,4.66
PRO_Detroit_MI,STR_PHOENI_07,1694.48,510.47,4.71
PRO_Detroit_MI,STR_PHOENI_08,1690.73,509.47,4.7
PRO_Detroit_MI,STR_LASVEG_01,1756.55,528.5,4.88
PRO_Detroit_MI,STR_LASVEG_02,1760.52,530.39,4.89
PRO_Detroit_MI,STR_LASVEG_03,1760.49,530.23,4.89
PRO_Detroit_MI,STR_LASVEG_04,1751.74,527.24,4.87
PRO_Detroit_MI,STR_DENVER_01,1155.12,348.74,3.21
PRO_Detroit_MI,STR_DENVER_02,1153.79,348.04,3.2
PRO_Detroit_MI,STR_DENVER_03,1161.85,350.49,3.23
PRO_Detroit_MI,STR_DENVER_04,1149.18,346.63,3.19
PRO_Detroit_MI,STR_DENVER_05,1140.94,344.36,3.17
PRO_Detroit_MI,STR_DENVER_06,1153.72,347.92,3.2
PRO_Detroit_MI,STR_DENVER_07,1151.89,347.79,3.2
PRO_Detroit_MI,STR_DENVER_08,1153.22,347.93,3.2
PRO_Detroit_MI,STR_MINNEA_01,548.1,166.34,1.52
PRO_Detroit_MI,STR_MINNEA_02,532.19,161.84,1.48
PRO_Detroit_MI,STR_CHICAG_01,238.77,73.55,1.0
PRO_Detroit_MI,STR_CHICAG_02,228.98,70.93,1.0
PRO_Detroit_MI,STR_CHICAG_03,240.72,74.46,1.0
PRO_Detroit_MI,STR_CHICAG_04,233.82,71.81,1.0
PRO_Detroit_MI,STR_CHICAG_05,232.95,72.16,1.0
PRO_Detroit_MI,STR_CHICAG_06,230.03,70.64,1.0
PRO_Detroit_MI,STR_CHICAG_07,249.84,77.24,1.0
PRO_Detroit_MI,STR_DETROI_01,10.24,5.58,1.0
PRO_Detroit_MI,STR_DETROI_02,13.47,6.26,1.0
PRO_Detroit_MI,STR_DETROI_03,11.78,4.99,1.0
PRO_Detroit_MI,STR_DETROI_04,10.1,5.3,1.0
PRO_Detroit_MI,STR_COLUMB_01,179.12,56.3,1.0
PRO_Detroit_MI,STR_COLUMB_02,179.9,55.89,1.0
PRO_Detroit_MI,STR_CINCIN_01,247.95,76.38,1.0
PRO_Detroit_MI,STR_CINCIN_02,225.51,69.36,1.0
PRO_Detroit_MI,STR_CINCIN_03,235.12,72.62,1.0
PRO_Detroit_MI,STR_CINCIN_04,218.14,67.76,1.0
PRO_Detroit_MI,STR_CINCIN_05,226.96,70.26,1.0
PRO_Detroit_MI,STR_CINCIN_06,230.85,72.04,1.0
PRO_Detroit_MI,STR_CINCIN_07,232.43,71.74,1.0
PRO_Detroit_MI,STR_CINCIN_08,224.31,68.89,1.0
PRO_Detroit_MI,STR_ST.LOU_01,464.48,141.39,1.29
PRO_Detroit_MI,STR_ST.LOU_02,459.33,139.19,1.28
PRO_Detroit_MI,STR_ST.LOU_03,470.33,142.97,1.31
PRO_Detroit_MI,STR_BOSTON_01,601.59,182.88,1.67
PRO_Detroit_MI,STR_BOSTON_02,608.39,184.6,1.69
PRO_Detroit_MI,STR_BOSTON_03,605.71,183.76,1.68
PRO_Detroit_MI,STR_BOSTON_04,612.42,186.18,1.7
PRO_Detroit_MI,STR_BOSTON_05,620.63,188.12,1.72
PRO_Detroit_MI,STR_BOSTON_06,604.67,183.72,1.68
PRO_Detroit_MI,STR_BOSTON_07,609.08,184.76,1.69
PRO_Detroit_MI,STR_NEWYOR_01,482.95,146.98,1.34
PRO_Detroit_MI,STR_NEWYOR_02,480.46,145.83,1.33
PRO_Detroit_MI,STR_PHILAD_01,451.97,137.47,1.26
PRO_Detroit_MI,STR_PHILAD_02,429.02,130.36,1.19
PRO_Detroit_MI,STR_PHILAD_03,445.78,135.71,1.24
PRO_Detroit_MI,STR_PHILAD_04,440.13,134.14,1.22
PRO_Detroit_MI,STR_PHILAD_05,432.52,131.48,1.2
PRO_Detroit_MI,STR_PHILAD_06,445.46,136.15,1.24
PRO_Detroit_MI,STR_PHILAD_07,426.18,129.92,1.18
PRO_Detroit_MI,STR_BALTIM_01,391.08,119.34,1.09
PRO_Detroit_MI,STR_BALTIM_02,416.66,127.19,1.16
PRO_Detroit_MI,STR_BALTIM_03,400.99,122.09,1.11
PRO_Detroit_MI,STR_BALTIM_04,396.61,121.02,1.1
PRO_Detroit_MI,STR_BALTIM_05,403.11,122.75,1.12
PRO_Detroit_MI,STR_BALTIM_06,400.31,122.48,1.11
PRO_Detroit_MI,STR_BALTIM_07,402.98,122.63,1.12
PRO_Detroit_MI,STR_BALTIM_08,382.37,116.73,1.06
PRO_Detroit_MI,STR_CHARLO_01,494.94,150.56,1.37
PRO_Detroit_MI,STR_CHARLO_02,500.76,152.33,1.39
PRO_Detroit_MI,STR_CHARLO_03,497.39,151.07,1.38
PRO_Detroit_MI,STR_CHARLO_04,504.45,153.11,1.4
PRO_Detroit_MI,STR_CHARLO_05,512.79,155.7,1.42
PRO_Detroit_MI,STR_CHARLO_06,495.28,150.71,1.38
PRO_Detroit_MI,STR_CHARLO_07,509.5,154.81,1.42
PRO_Detroit_MI,STR_CHARLO_08,509.41,155.02,1.42
PRO_Detroit_MI,STR_ATLANT_01,608.86,184.78,1.69
PRO_Detroit_MI,STR_ATLANT_02,613.97,185.62,1.71
PRO_Detroit_MI,STR_ATLANT_03,594.65,180.46,1.65
PRO_Detroit_MI,STR_ATLANT_04,608.9,185.23,1.69
PRO_Detroit_MI,STR_ATLANT_05,585.99,178.13,1.63
PRO_Detroit_MI,STR_ATLANT_06,594.84,180.56,1.65
PRO_Detroit_MI,STR_ORLAND_01,953.34,287.74,2.65
PRO_Detroit_MI,STR_ORLAND_02,964.27,291.4,2.68
PRO_Detroit_MI,STR_ORLAND_03,952.24,287.86,2.65
PRO_Detroit_MI,STR_ORLAND_04,965.7,291.65,2.68
PRO_Detroit_MI,STR_ORLAND_05,953.45,288.11,2.65
PRO_Detroit_MI,STR_TAMPA_01,979.81,296.32,2.72
PRO_Detroit_MI,STR_TAMPA_02,991.09,299.11,2.75
PRO_Detroit_MI,STR_TAMPA_03,1009.07,304.46,2.8
PRO_Detroit_MI,STR_TAMPA_04,994.73,300.59,2.76
PRO_Detroit_MI,STR_TAMPA_05,1000.11,302.15,2.78
PRO_Detroit_MI,STR_TAMPA_06,1003.87,303.42,2.79
PRO_Detroit_MI,STR_TAMPA_07,997.39,301.36,2.77
PRO_Detroit_MI,STR_TAMPA_08,1002.57,302.63,2.78
PRO_Detroit_MI,STR_MIAMI_01,1150.06,347.13,3.19
PRO_Detroit_MI,STR_MIAMI_02,1145.56,345.38,3.18
PRO_Detroit_MI,STR_MIAMI_03,1153.43,347.97,3.2
PRO_Detroit_MI,STR_MIAMI_04,1168.29,352.61,3.25
PRO_Detroit_MI,STR_MIAMI_05,1170.89,353.18,3.25
PRO_LosAngeles_CA,STR_SEATTL_01,958.89,290.28,2.66
PRO_LosAngeles_CA,STR_SEATTL_02,958.24,289.0,2.66
PRO_LosAngeles_CA,STR_PORTLA_01,835.11,252.39,2.32
PRO_LosAngeles_CA,STR_PORTLA_02,844.28,255.05,2.35
PRO_LosAngeles_CA,STR_SANFRA_01,341.49,104.27,1.0
PRO_LosAngeles_CA,STR_SANFRA_02,361.42,110.26,1.0
PRO_LosAngeles_CA,STR_SANFRA_03,349.82,106.61,1.0
PRO_LosAngeles_CA,STR_SANFRA_04,348.15,106.63,1.0
PRO_LosAngeles_CA,STR_SANFRA_05,355.12,108.4,1.0
PRO_LosAngeles_CA,STR_SANFRA_06,360.59,110.22,1.0
PRO_LosAngeles_CA,STR_LOSANG_01,7.94,4.27,1.0
PRO_LosAngeles_CA,STR_LOSANG_02,9.19,4.58,1.0
PRO_LosAngeles_CA,STR_LOSANG_03,13.47,6.46,1.0
PRO_LosAngeles_CA,STR_LOSANG_04,7.52,4.49,1.0
PRO_LosAngeles_CA,STR_LOSANG_05,11.2,4.89,1.0
PRO_LosAngeles_CA,STR_SANDIE_01,107.18,33.66,1.0
PRO_LosAngeles_CA,STR_SANDIE_02,101.35,32.67,1.0
PRO_LosAngeles_CA,STR_SANDIE_03,115.22,36.44,1.0
PRO_LosAngeles_CA,STR_PHOENI_01,347.17,105.74,1.0
PRO_LosAngeles_CA,STR_PHOENI_02,353.54,108.32,1.0
PRO_LosAngeles_CA,STR_PHOENI_03,349.14,106.78,1.0
PRO_LosAngeles_CA,STR_PHOENI_04,365.06,111.58,1.01
PRO_LosAngeles_CA,STR_PHOENI_05,361.53,110.66,1.0
PRO_LosAngeles_CA,STR_PHOENI_06,368.49,112.22,1.02
PRO_LosAngeles_CA,STR_PHOENI_07,349.64,106.48,1.0
PRO_LosAngeles_CA,STR_PHOENI_08,359.23,110.16,1.0
PRO_LosAngeles_CA,STR_LASVEG_01,233.19,71.6,1.0
PRO_LosAngeles_CA,STR_LASVEG_02,228.1,70.12,1.0
PRO_LosAngeles_CA,STR_LASVEG_03,233.15,71.69,1.0
PRO_LosAngeles_CA,STR_LASVEG_04,234.61,72.9,1.0
PRO_LosAngeles_CA,STR_DENVER_01,828.04,250.54,2.3
PRO_LosAngeles_CA,STR_DENVER_02,832.69,252.05,2.31
PRO_LosAngeles_CA,STR_DENVER_03,821.4,248.47,2.28
PRO_LosAngeles_CA,STR_DENVER_04,838.25,253.32,2.33
PRO_LosAngeles_CA,STR_DENVER_05,845.83,255.91,2.35
PRO_LosAngeles_CA,STR_DENVER_06,829.0,250.31,2.3
PRO_LosAngeles_CA,STR_DENVER_07,833.86,251.88,2.32
PRO_LosAngeles_CA,STR_DENVER_08,830.53,251.34,2.31
PRO_LosAngeles_CA,STR_MINNEA_01,1511.73,455.18,4.2
PRO_LosAngeles_CA,STR_MINNEA_02,1521.09,458.28,4.23
PRO_LosAngeles_CA,STR_CHICAG_01,1741.59,524.44,4.84
PRO_LosAngeles_CA,STR_CHICAG_02,1751.73,527.39,4.87
PRO_LosAngeles_CA,STR_CHICAG_03,1739.42,523.34,4.83
PRO_LosAngeles_CA,STR_CHICAG_04,1746.15,525.69,4.85
PRO_LosAngeles_CA,STR_CHICAG_05,1747.78,526.13,4.85
PRO_LosAngeles_CA,STR_CHICAG_06,1749.99,527.04,4.86
PRO_LosAngeles_CA,STR_CHICAG_07,1730.14,521.07,4.81
PRO_LosAngeles_CA,STR_DETROI_01,1969.74,593.02,5.47
PRO_LosAngeles_CA,STR_DETROI_02,1991.6,599.31,5.53
PRO_LosAngeles_CA,STR_DETROI_03,1974.0,594.33,5.48
PRO_LosAngeles_CA,STR_DETROI_04,1980.59,595.79,5.5
PRO_LosAngeles_CA,STR_COLUMB_01,1973.32,593.54,5.48
PRO_LosAngeles_CA,STR_COLUMB_02,1980.61,595.6,5.5
PRO_LosAngeles_CA,STR_CINCIN_01,1897.11,571.01,5.27
PRO_LosAngeles_CA,STR_CINCIN_02,1883.92,566.99,5.23
PRO_LosAngeles_CA,STR_CINCIN_03,1895.65,570.89,5.27
PRO_LosAngeles_CA,STR_CINCIN_04,1904.33,573.14,5.29
PRO_LosAngeles_CA,STR_CINCIN_05,1897.9,571.44,5.27
PRO_LosAngeles_CA,STR_CINCIN_06,1890.11,569.24,5.25
PRO_LosAngeles_CA,STR_CINCIN_07,1889.41,568.65,5.25
PRO_LosAngeles_CA,STR_CINCIN_08,1891.55,569.54,5.25
PRO_LosAngeles_CA,STR_ST.LOU_01,1581.31,476.64,4.39
PRO_LosAngeles_CA,STR_ST.LOU_02,1579.02,475.4,4.39
PRO_LosAngeles_CA,STR_ST.LOU_03,1574.09,474.23,4.37
PRO_LosAngeles_CA,STR_BOSTON_01,2581.11,776.16,7.17
PRO_LosAngeles_CA,STR_BOSTON_02,2587.89,778.07,7.19
PRO_LosAngeles_CA,STR_BOSTON_03,2585.61,777.3,7.18
PRO_LosAngeles_CA,STR_BOSTON_04,2592.31,779.4,7.2
PRO_LosAngeles_CA,STR_BOSTON_05,2600.59,782.19,7.22
PRO_LosAngeles_CA,STR_BOSTON_06,2584.59,776.97,7.18
PRO_LosAngeles_CA,STR_BOSTON_07,2588.97,778.55,7.19
PRO_LosAngeles_CA,STR_NEWYOR_01,2444.93,735.68,6.79
PRO_LosAngeles_CA,STR_NEWYOR_02,2445.13,735.65,6.79
PRO_LosAngeles_CA,STR_PHILAD_01,2393.64,719.96,6.65
PRO_LosAngeles_CA,STR_PHILAD_02,2376.49,715.37,6.6
PRO_LosAngeles_CA,STR_PHILAD_03,2395.82,721.22,6.66
PRO_LosAngeles_CA,STR_PHILAD_04,2381.26,716.39,6.61
PRO_LosAngeles_CA,STR_PHILAD_05,2378.85,715.04,6.61
PRO_LosAngeles_CA,STR_PHILAD_06,2388.25,718.7,6.63
PRO_LosAngeles_CA,STR_PHILAD_07,2376.37,714.34,6.6
PRO_LosAngeles_CA,STR_BALTIM_01,2315.38,696.98,6.43
PRO_LosAngeles_CA,STR_BALTIM_02,2329.47,701.11,6.47
PRO_LosAngeles_CA,STR_BALTIM_03,2326.58,700.42,6.46
PRO_LosAngeles_CA,STR_BALTIM_04,2323.16,699.01,6.45
PRO_LosAngeles_CA,STR_BALTIM_05,2315.43,696.54,6.43
PRO_LosAngeles_CA,STR_BALTIM_06,2313.04,695.8,6.43
PRO_LosAngeles_CA,STR_BALTIM_07,2312.87,695.72,6.42
PRO_LosAngeles_CA,STR_BALTIM_08,2307.51,694.5,6.41
PRO_LosAngeles_CA,STR_CHARLO_01,2107.45,634.41,5.85
PRO_LosAngeles_CA,STR_CHARLO_02,2120.32,638.13,5.89
PRO_LosAngeles_CA,STR_CHARLO_03,2117.95,637.21,5.88
PRO_LosAngeles_CA,STR_CHARLO_04,2106.33,634.56,5.85
PRO_LosAngeles_CA,STR_CHARLO_05,2104.08,633.45,5.84
PRO_LosAngeles_CA,STR_CHARLO_06,2101.45,632.04,5.84
PRO_LosAngeles_CA,STR_CHARLO_07,2103.34,632.87,5.84
PRO_LosAngeles_CA,STR_CHARLO_08,2126.73,640.25,5.91
PRO_LosAngeles_CA,STR_ATLANT_01,1947.6,586.08,5.41
PRO_LosAngeles_CA,STR_ATLANT_02,1926.15,579.93,5.35
PRO_LosAngeles_CA,STR_ATLANT_03,1936.81,583.28,5.38
PRO_LosAngeles_CA,STR_ATLANT_04,1923.31,578.15,5.34
PRO_LosAngeles_CA,STR_ATLANT_05,1922.93,578.85,5.34
PRO_LosAngeles_CA,STR_ATLANT_06,1935.24,582.55,5.38
PRO_LosAngeles_CA,STR_ORLAND_01,2197.12,661.03,6.1
PRO_LosAngeles_CA,STR_ORLAND_02,2192.31,659.77,6.09
PRO_LosAngeles_CA,STR_ORLAND_03,2189.79,659.1,6.08
PRO_LosAngeles_CA,STR_ORLAND_04,2189.18,658.79,6.08
PRO_LosAngeles_CA,STR_ORLAND_05,2194.16,660.15,6.09
PRO_LosAngeles_CA,STR_TAMPA_01,2129.88,641.12,5.92
PRO_LosAngeles_CA,STR_TAMPA_02,2149.46,646.85,5.97
PRO_LosAngeles_CA,STR_TAMPA_03,2155.01,648.44,5.99
PRO_LosAngeles_CA,STR_TAMPA_04,2138.51,643.23,5.94
PRO_LosAngeles_CA,STR_TAMPA_05,2138.58,643.18,5.94
PRO_LosAngeles_CA,STR_TAMPA_06,2146.03,645.48,5.96
PRO_LosAngeles_CA,STR_TAMPA_07,2151.08,647.39,5.98
PRO_LosAngeles_CA,STR_TAMPA_08,2165.32,651.58,6.01
PRO_LosAngeles_CA,STR_MIAMI_01,2318.76,697.26,6.44
PRO_LosAngeles_CA,STR_MIAMI_02,2324.88,699.62,6.46
PRO_LosAngeles_CA,STR_MIAMI_03,2345.24,705.92,6.51
PRO_LosAngeles_CA,STR_MIAMI_04,2328.98,700.54,6.47
PRO_LosAngeles_CA,STR_MIAMI_05,2341.85,704.12,6.51
PRO_SanAntonio_TX,STR_SEATTL_01,1782.47,536.56,4.95
PRO_SanAntonio_TX,STR_SEATTL_02,1783.52,537.27,4.95
PRO_SanAntonio_TX,STR_PORTLA_01,1718.37,517.65,4.77
PRO_SanAntonio_TX,STR_PORTLA_02,1726.08,519.59,4.79
PRO_SanAntonio_TX,STR_SANFRA_01,1478.46,445.92,4.11
PRO_SanAntonio_TX,STR_SANFRA_02,1491.04,449.65,4.14
PRO_SanAntonio_TX,STR_SANFRA_03,1492.29,449.5,4.15
PRO_SanAntonio_TX,STR_SANFRA_04,1478.12,445.25,4.11
PRO_SanAntonio_TX,STR_SANFRA_05,1479.1,445.58,4.11
PRO_SanAntonio_TX,STR_SANFRA_06,1490.37,448.98,4.14
PRO_SanAntonio_TX,STR_LOSANG_01,1202.66,363.03,3.34
PRO_SanAntonio_TX,STR_LOSANG_02,1205.46,363.74,3.35
PRO_SanAntonio_TX,STR_LOSANG_03,1184.33,357.52,3.29
PRO_SanAntonio_TX,STR_LOSANG_04,1195.85,360.92,3.32
PRO_SanAntonio_TX,STR_LOSANG_05,1189.63,359.32,3.3
PRO_SanAntonio_TX,STR_SANDIE_01,1129.36,340.54,3.14
PRO_SanAntonio_TX,STR_SANDIE_02,1119.24,337.87,3.11
PRO_SanAntonio_TX,STR_SANDIE_03,1126.88,339.52,3.13
PRO_SanAntonio_TX,STR_PHOENI_01,853.19,257.63,2.37
PRO_SanAntonio_TX,STR_PHOENI_02,844.11,255.21,2.34
PRO_SanAntonio_TX,STR_PHOENI_03,849.07,256.82,2.36
PRO_SanAntonio_TX,STR_PHOENI_04,836.94,253.06,2.32
PRO_SanAntonio_TX,STR_PHOENI_05,837.09,252.99,2.33
PRO_SanAntonio_TX,STR_PHOENI_06,830.62,251.09,2.31
PRO_SanAntonio_TX,STR_PHOENI_07,849.27,257.12,2.36
PRO_SanAntonio_TX,STR_PHOENI_08,839.1,253.63,2.33
PRO_SanAntonio_TX,STR_LASVEG_01,1072.56,324.21,2.98
PRO_SanAntonio_TX,STR_LASVEG_02,1072.24,323.87,2.98
PRO_SanAntonio_TX,STR_LASVEG_03,1083.23,327.08,3.01
PRO_SanAntonio_TX,STR_LASVEG_04,1060.88,319.97,2.95
PRO_SanAntonio_TX,STR_DENVER_01,785.59,237.91,2.18
PRO_SanAntonio_TX,STR_DENVER_02,808.83,244.53,2.25
PRO_SanAntonio_TX,STR_DENVER_03,787.46,237.94,2.19
PRO_SanAntonio_TX,STR_DENVER_04,813.65,246.22,2.26
PRO_SanAntonio_TX,STR_DENVER_05,808.73,244.27,2.25
PRO_SanAntonio_TX,STR_DENVER_06,781.42,236.23,2.17
PRO_SanAntonio_TX,STR_DENVER_07,804.03,243.21,2.23
PRO_SanAntonio_TX,STR_DENVER_08,790.15,239.6,2.19
PRO_SanAntonio_TX,STR_MINNEA_01,1101.31,332.22,3.06
PRO_SanAntonio_TX,STR_MINNEA_02,1095.73,330.61,3.04
PRO_SanAntonio_TX,STR_CHICAG_01,1046.28,316.07,2.91
PRO_SanAntonio_TX,STR_CHICAG_02,1050.77,316.92,2.92
PRO_SanAntonio_TX,STR_CHICAG_03,1059.41,319.93,2.94
PRO_SanAntonio_TX,STR_CHICAG_04,1058.12,319.74,2.94
PRO_SanAntonio_TX,STR_CHICAG_05,1047.61,316.21,2.91
PRO_SanAntonio_TX,STR_CHICAG_06,1058.19,319.71,2.94
PRO_SanAntonio_TX,STR_CHICAG_07,1045.45,315.71,2.9
PRO_SanAntonio_TX,STR_DETROI_01,1230.91,371.09,3.42
PRO_SanAntonio_TX,STR_DETROI_02,1244.98,375.45,3.46
PRO_SanAntonio_TX,STR_DETROI_03,1240.62,374.09,3.45
PRO_SanAntonio_TX,STR_DETROI_04,1234.1,372.21,3.43
PRO_SanAntonio_TX,STR_COLUMB_01,1131.59,341.51,3.14
PRO_SanAntonio_TX,STR_COLUMB_02,1137.32,343.34,3.16
PRO_SanAntonio_TX,STR_CINCIN_01,1035.99,312.92,2.88
PRO_SanAntonio_TX,STR_CINCIN_02,1041.81,313.93,2.89
PRO_SanAntonio_TX,STR_CINCIN_03,1042.82,314.82,2.9
PRO_SanAntonio_TX,STR_CINCIN_04,1058.63,319.21,2.94
PRO_SanAntonio_TX,STR_CINCIN_05,1049.22,316.7,2.91
PRO_SanAntonio_TX,STR_CINCIN_06,1042.06,314.59,2.89
PRO_SanAntonio_TX,STR_CINCIN_07,1040.66,314.44,2.89
PRO_SanAntonio_TX,STR_CINCIN_08,1046.99,316.09,2.91
PRO_SanAntonio_TX,STR_ST.LOU_01,782.71,236.88,2.17
PRO_SanAntonio_TX,STR_ST.LOU_02,790.61,239.38,2.2
PRO_SanAntonio_TX,STR_ST.LOU_03,778.01,235.71,2.16
PRO_SanAntonio_TX,STR_BOSTON_01,1750.35,527.07,4.86
PRO_SanAntonio_TX,STR_BOSTON_02,1756.3,528.91,4.88
PRO_SanAntonio_TX,STR_BOSTON_03,1761.1,530.33,4.89
PRO_SanAntonio_TX,STR_BOSTON_04,1766.94,531.95,4.91
PRO_SanAntonio_TX,STR_BOSTON_05,1778.08,535.23,4.94
PRO_SanAntonio_TX,STR_BOSTON_06,1761.05,529.75,4.89
PRO_SanAntonio_TX,STR_BOSTON_07,1763.64,530.82,4.9
PRO_SanAntonio_TX,STR_NEWYOR_01,1575.8,474.3,4.38
PRO_SanAntonio_TX,STR_NEWYOR_02,1580.81,476.56,4.39
PRO_SanAntonio_TX,STR_PHILAD_01,1504.69,453.45,4.18
PRO_SanAntonio_TX,STR_PHILAD_02,1497.54,451.23,4.16
PRO_SanAntonio_TX,STR_PHILAD_03,1516.76,456.85,4.21
PRO_SanAntonio_TX,STR_PHILAD_04,1493.93,450.19,4.15
PRO_SanAntonio_TX,STR_PHILAD_05,1498.08,451.21,4.16
PRO_SanAntonio_TX,STR_PHILAD_06,1501.56,452.51,4.17
PRO_SanAntonio_TX,STR_PHILAD_07,1500.87,452.32,4.17
PRO_SanAntonio_TX,STR_BALTIM_01,1423.95,428.97,3.96
PRO_SanAntonio_TX,STR_BALTIM_02,1424.75,429.21,3.96
PRO_SanAntonio_TX,STR_BALTIM_03,1433.95,432.43,3.98
PRO_SanAntonio_TX,STR_BALTIM_04,1432.15,431.63,3.98
PRO_SanAntonio_TX,STR_BALTIM_05,1413.37,425.82,3.93
PRO_SanAntonio_TX,STR_BALTIM_06,1411.87,425.47,3.92
PRO_SanAntonio_TX,STR_BALTIM_07,1409.35,424.55,3.91
PRO_SanAntonio_TX,STR_BALTIM_08,1418.56,427.55,3.94
PRO_SanAntonio_TX,STR_CHARLO_01,1102.56,332.98,3.06
PRO_SanAntonio_TX,STR_CHARLO_02,1113.72,336.11,3.09
PRO_SanAntonio_TX,STR_CHARLO_03,1112.71,336.4,3.09
PRO_SanAntonio_TX,STR_CHARLO_04,1097.04,331.22,3.05
PRO_SanAntonio_TX,STR_CHARLO_05,1090.89,329.32,3.03
PRO_SanAntonio_TX,STR_CHARLO_06,1096.02,330.58,3.04
PRO_SanAntonio_TX,STR_CHARLO_07,1091.58,329.41,3.03
PRO_SanAntonio_TX,STR_CHARLO_08,1116.73,336.82,3.1
PRO_SanAntonio_TX,STR_ATLANT_01,893.01,269.36,2.48
PRO_SanAntonio_TX,STR_ATLANT_02,870.76,263.47,2.42
PRO_SanAntonio_TX,STR_ATLANT_03,889.07,268.59,2.47
PRO_SanAntonio_TX,STR_ATLANT_04,870.34,262.91,2.42
PRO_SanAntonio_TX,STR_ATLANT_05,880.13,266.09,2.44
PRO_SanAntonio_TX,STR_ATLANT_06,887.53,268.39,2.47
PRO_SanAntonio_TX,STR_ORLAND_01,1039.54,313.78,2.89
PRO_SanAntonio_TX,STR_ORLAND_02,1031.96,311.59,2.87
PRO_SanAntonio_TX,STR_ORLAND_03,1031.94,311.77,2.87
PRO_SanAntonio_TX,STR_ORLAND_04,1028.3,310.4,2.86
PRO_SanAntonio_TX,STR_ORLAND_05,1036.35,312.98,2.88
PRO_SanAntonio_TX,STR_TAMPA_01,962.4,290.31,2.67
PRO_SanAntonio_TX,STR_TAMPA_02,980.82,295.94,2.72
PRO_SanAntonio_TX,STR_TAMPA_03,983.25,297.13,2.73
PRO_SanAntonio_TX,STR_TAMPA_04,968.56,292.24,2.69
PRO_SanAntonio_TX,STR_TAMPA_05,967.6,292.34,2.69
PRO_SanAntonio_TX,STR_TAMPA_06,974.74,294.39,2.71
PRO_SanAntonio_TX,STR_TAMPA_07,981.31,296.3,2.73
PRO_SanAntonio_TX,STR_TAMPA_08,995.38,300.41,2.76
PRO_SanAntonio_TX,STR_MIAMI_01,1134.65,342.62,3.15
PRO_SanAntonio_TX,STR_MIAMI_02,1141.71,344.95,3.17
PRO_SanAntonio_TX,STR_MIAMI_03,1162.28,350.76,3.23
PRO_SanAntonio_TX,STR_MIAMI_04,1143.17,345.03,3.18
PRO_SanAntonio_TX,STR_MIAMI_05,1156.46,348.77,3.21
FL_WestPalmBeach_FL,STR_SEATTL_01,2693.16,809.65,7.48
FL_WestPalmBeach_FL,STR_SEATTL_02,2694.9,810.46,7.49
FL_WestPalmBeach_FL,STR_PORTLA_01,2669.26,802.54,7.41
FL_WestPalmBeach_FL,STR_PORTLA_02,2675.04,804.07,7.43
FL_WestPalmBeach_FL,STR_SANFRA_01,2562.93,771.08,7.12
FL_WestPalmBeach_FL,STR_SANFRA_02,2571.84,773.77,7.14
FL_WestPalmBeach_FL,STR_SANFRA_03,2577.91,775.16,7.16
FL_WestPalmBeach_FL,STR_SANFRA_04,2560.02,770.07,7.11
FL_WestPalmBeach_FL,STR_SANFRA_05,2558.74,769.87,7.11
FL_WestPalmBeach_FL,STR_SANFRA_06,2571.29,773.44,7.14
FL_WestPalmBeach_FL,STR_LOSANG_01,2322.46,698.44,6.45
FL_WestPalmBeach_FL,STR_LOSANG_02,2326.58,699.92,6.46
FL_WestPalmBeach_FL,STR_LOSANG_03,2305.64,694.02,6.4
FL_WestPalmBeach_FL,STR_LOSANG_04,2315.5,696.71,6.43
FL_WestPalmBeach_FL,STR_LOSANG_05,2311.47,695.58,6.42
FL_WestPalmBeach_FL,STR_SANDIE_01,2260.47,680.23,6.28
FL_WestPalmBeach_FL,STR_SANDIE_02,2248.55,676.35,6.25
FL_WestPalmBeach_FL,STR_SANDIE_03,2258.82,679.49,6.27
FL_WestPalmBeach_FL,STR_PHOENI_01,1970.78,593.32,5.47
FL_WestPalmBeach_FL,STR_PHOENI_02,1966.12,592.04,5.46
FL_WestPalmBeach_FL,STR_PHOENI_03,1969.78,593.21,5.47
FL_WestPalmBeach_FL,STR_PHOENI_04,1952.78,587.62,5.42
FL_WestPalmBeach_FL,STR_PHOENI_05,1957.14,589.25,5.44
FL_WestPalmBeach_FL,STR_PHOENI_06,1949.93,587.28,5.42
FL_WestPalmBeach_FL,STR_PHOENI_07,1968.79,592.39,5.47
FL_WestPalmBeach_FL,STR_PHOENI_08,1959.64,590.26,5.44
FL_WestPalmBeach_FL,STR_LASVEG_01,2158.9,650.08,6.0
FL_WestPalmBeach_FL,STR_LASVEG_02,2159.98,650.65,6.0
FL_WestPalmBeach_FL,STR_LASVEG_03,2168.06,652.48,6.02
FL_WestPalmBeach_FL,STR_LASVEG_04,2148.69,646.67,5.97
FL_WestPalmBeach_FL,STR_DENVER_01,1681.15,506.55,4.67
FL_WestPalmBeach_FL,STR_DENVER_02,1695.87,510.96,4.71
FL_WestPalmBeach_FL,STR_DENVER_03,1686.48,508.23,4.68
FL_WestPalmBeach_FL,STR_DENVER_04,1696.26,511.07,4.71
FL_WestPalmBeach_FL,STR_DENVER_05,1687.94,508.36,4.69
FL_WestPalmBeach_FL,STR_DENVER_06,1677.49,505.55,4.66
FL_WestPalmBeach_FL,STR_DENVER_07,1691.51,509.19,4.7
FL_WestPalmBeach_FL,STR_DENVER_08,1683.05,506.92,4.68
FL_WestPalmBeach_FL,STR_MINNEA_01,1456.03,439.2,4.04
FL_WestPalmBeach_FL,STR_MINNEA_02,1439.89,433.66,4.0
FL_WestPalmBeach_FL,STR_CHICAG_01,1123.24,338.8,3.12
FL_WestPalmBeach_FL,STR_CHICAG_02,1116.14,337.01,3.1
FL_WestPalmBeach_FL,STR_CHICAG_03,1144.46,345.44,3.18
FL_WestPalmBeach_FL,STR_CHICAG_04,1133.86,341.94,3.15
FL_WestPalmBeach_FL,STR_CHICAG_05,1116.94,336.98,3.1
FL_WestPalmBeach_FL,STR_CHICAG_06,1128.92,340.38,3.14
FL_WestPalmBeach_FL,STR_CHICAG_07,1137.07,343.37,3.16
FL_WestPalmBeach_FL,STR_DETROI_01,1091.6,329.42,3.03
FL_WestPalmBeach_FL,STR_DETROI_02,1083.5,327.5,3.01
FL_WestPalmBeach_FL,STR_DETROI_03,1101.82,332.57,3.06
FL_WestPalmBeach_FL,STR_DETROI_04,1081.11,326.28,3.0
FL_WestPalmBeach_FL,STR_COLUMB_01,914.9,276.39,2.54
FL_WestPalmBeach_FL,STR_COLUMB_02,912.9,275.81,2.54
FL_WestPalmBeach_FL,STR_CINCIN_01,878.5,265.58,2.44
FL_WestPalmBeach_FL,STR_CINCIN_02,909.6,275.51,2.53
FL_WestPalmBeach_FL,STR_CINCIN_03,892.14,269.56,2.48
FL_WestPalmBeach_FL,STR_CINCIN_04,903.94,273.11,2.51
FL_WestPalmBeach_FL,STR_CINCIN_05,898.95,271.7,2.5
FL_WestPalmBeach_FL,STR_CINCIN_06,899.96,272.26,2.5
FL_WestPalmBeach_FL,STR_CINCIN_07,898.82,271.29,2.5
FL_WestPalmBeach_FL,STR_CINCIN_08,905.65,273.81,2.52
FL_WestPalmBeach_FL,STR_ST.LOU_01,1005.46,303.44,2.79
FL_WestPalmBeach_FL,STR_ST.LOU_02,1017.06,307.26,2.83
FL_WestPalmBeach_FL,STR_ST.LOU_03,1009.93,304.86,2.81
FL_WestPalmBeach_FL,STR_BOSTON_01,1173.29,353.41,3.26
FL_WestPalmBeach_FL,STR_BOSTON_02,1175.61,354.77,3.27
FL_WestPalmBeach_FL,STR_BOSTON_03,1189.72,359.01,3.3
FL_WestPalmBeach_FL,STR_BOSTON_04,1191.96,359.44,3.31
FL_WestPalmBeach_FL,STR_BOSTON_05,1203.34,362.84,3.34
FL_WestPalmBeach_FL,STR_BOSTON_06,1191.2,359.03,3.31
FL_WestPalmBeach_FL,STR_BOSTON_07,1190.0,359.19,3.31
FL_WestPalmBeach_FL,STR_NEWYOR_01,1011.02,305.53,2.81
FL_WestPalmBeach_FL,STR_NEWYOR_02,1021.86,308.34,2.84
FL_WestPalmBeach_FL,STR_PHILAD_01,941.07,284.18,2.61
FL_WestPalmBeach_FL,STR_PHILAD_02,955.53,288.64,2.65
FL_WestPalmBeach_FL,STR_PHILAD_03,964.35,291.87,2.68
FL_WestPalmBeach_FL,STR_PHILAD_04,938.95,283.82,2.61
FL_WestPalmBeach_FL,STR_PHILAD_05,952.55,287.53,2.65
FL_WestPalmBeach_FL,STR_PHILAD_06,943.65,285.17,2.62
FL_WestPalmBeach_FL,STR_PHILAD_07,963.16,290.61,2.68
FL_WestPalmBeach_FL,STR_BALTIM_01,901.36,272.59,2.5
FL_WestPalmBeach_FL,STR_BALTIM_02,877.22,265.59,2.44
FL_WestPalmBeach_FL,STR_BALTIM_03,903.24,273.39,2.51
FL_WestPalmBeach_FL,STR_BALTIM_04,905.47,273.82,2.52
FL_WestPalmBeach_FL,STR_BALTIM_05,877.64,265.15,2.44
FL_WestPalmBeach_FL,STR_BALTIM_06,878.68,265.28,2.44
FL_WestPalmBeach_FL,STR_BALTIM_07,873.33,263.65,2.43
FL_WestPalmBeach_FL,STR_BALTIM_08,903.76,272.43,2.51
FL_WestPalmBeach_FL,STR_CHARLO_01,598.33,181.67,1.66
FL_WestPalmBeach_FL,STR_CHARLO_02,594.23,180.24,1.65
FL_WestPalmBeach_FL,STR_CHARLO_03,597.36,181.44,1.66
FL_WestPalmBeach_FL,STR_CHARLO_04,588.32,178.85,1.63
FL_WestPalmBeach_FL,STR_CHARLO_05,579.48,175.87,1.61
FL_WestPalmBeach_FL,STR_CHARLO_06,597.26,181.22,1.66
FL_WestPalmBeach_FL,STR_CHARLO_07,582.8,176.72,1.62
FL_WestPalmBeach_FL,STR_CHARLO_08,586.29,177.8,1.63
FL_WestPalmBeach_FL,STR_ATLANT_01,532.35,161.89,1.48
FL_WestPalmBeach_FL,STR_ATLANT_02,541.13,164.3,1.5
FL_WestPalmBeach_FL,STR_ATLANT_03,549.55,166.79,1.53
FL_WestPalmBeach_FL,STR_ATLANT_04,546.7,166.01,1.52
FL_WestPalmBeach_FL,STR_ATLANT_05,564.44,171.55,1.57
FL_WestPalmBeach_FL,STR_ATLANT_06,550.31,166.92,1.53
FL_WestPalmBeach_FL,STR_ORLAND_01,152.21,47.65,1.0
FL_WestPalmBeach_FL,STR_ORLAND_02,147.84,46.41,1.0
FL_WestPalmBeach_FL,STR_ORLAND_03,156.75,49.32,1.0
FL_WestPalmBeach_FL,STR_ORLAND_04,148.93,46.62,1.0
FL_WestPalmBeach_FL,STR_ORLAND_05,153.64,47.91,1.0
FL_WestPalmBeach_FL,STR_TAMPA_01,190.88,59.14,1.0
FL_WestPalmBeach_FL,STR_TAMPA_02,170.83,53.51,1.0
FL_WestPalmBeach_FL,STR_TAMPA_03,163.22,51.47,1.0
FL_WestPalmBeach_FL,STR_TAMPA_04,180.46,55.81,1.0
FL_WestPalmBeach_FL,STR_TAMPA_05,179.83,55.67,1.0
FL_WestPalmBeach_FL,STR_TAMPA_06,172.31,53.65,1.0
FL_WestPalmBeach_FL,STR_TAMPA_07,168.26,52.51,1.0
FL_WestPalmBeach_FL,STR_TAMPA_08,154.21,48.46,1.0
FL_WestPalmBeach_FL,STR_MIAMI_01,67.48,22.02,1.0
FL_WestPalmBeach_FL,STR_MIAMI_02,59.22,19.5,1.0
FL_WestPalmBeach_FL,STR_MIAMI_03,62.43,20.76,1.0
FL_WestPalmBeach_FL,STR_MIAMI_04,83.49,26.98,1.0
FL_WestPalmBeach_FL,STR_MIAMI_05,81.95,26.82,1.0
FL_Miami_FL,STR_SEATTL_01,2732.67,821.92,7.59
FL_Miami_FL,STR_SEATTL_02,2734.38,822.45,7.6
FL_Miami_FL,STR_PORTLA_01,2705.7,813.68,7.52
FL_Miami_FL,STR_PORTLA_02,2711.65,816.08,7.53
FL_Miami_FL,STR_SANFRA_01,2585.36,777.4,7.18
FL_Miami_FL,STR_SANFRA_02,2594.82,780.6,7.21
FL_Miami_FL,STR_SANFRA_03,2600.21,781.74,7.22
FL_Miami_FL,STR_SANFRA_04,2582.82,776.58,7.17
FL_Miami_FL,STR_SANFRA_05,2581.86,776.4,7.17
FL_Miami_FL,STR_SANFRA_06,2594.25,780.68,7.21
FL_Miami_FL,STR_LOSANG_01,2338.21,703.53,6.5
FL_Miami_FL,STR_LOSANG_02,2342.04,704.46,6.51
FL_Miami_FL,STR_LOSANG_03,2321.02,698.4,6.45
FL_Miami_FL,STR_LOSANG_04,2331.27,701.39,6.48
FL_Miami_FL,STR_LOSANG_05,2326.73,699.9,6.46
FL_Miami_FL,STR_SANDIE_01,2273.18,683.61,6.31
FL_Miami_FL,STR_SANDIE_02,2261.79,680.9,6.28
FL_Miami_FL,STR_SANDIE_03,2271.27,683.43,6.31
FL_Miami_FL,STR_PHOENI_01,1986.24,598.42,5.52
FL_Miami_FL,STR_PHOENI_02,1980.67,596.43,5.5
FL_Miami_FL,STR_PHOENI_03,1984.61,597.52,5.51
FL_Miami_FL,STR_PHOENI_04,1968.53,592.45,5.47
FL_Miami_FL,STR_PHOENI_05,1972.07,593.35,5.48
FL_Miami_FL,STR_PHOENI_06,1965.0,591.44,5.46
FL_Miami_FL,STR_PHOENI_07,1983.86,596.88,5.51
FL_Miami_FL,STR_PHOENI_08,1974.48,594.51,5.48
FL_Miami_FL,STR_LASVEG_01,2179.95,656.39,6.06
FL_Miami_FL,STR_LASVEG_02,2180.85,656.19,6.06
FL_Miami_FL,STR_LASVEG_03,2189.35,659.04,6.08
FL_Miami_FL,STR_LASVEG_04,2169.51,652.68,6.03
FL_Miami_FL,STR_DENVER_01,1715.25,516.5,4.76
FL_Miami_FL,STR_DENVER_02,1730.67,521.0,4.81
FL_Miami_FL,STR_DENVER_03,1720.43,517.59,4.78
FL_Miami_FL,STR_DENVER_04,1731.34,521.39,4.81
FL_Miami_FL,STR_DENVER_05,1723.13,518.97,4.79
FL_Miami_FL,STR_DENVER_06,1711.52,515.72,4.75
FL_Miami_FL,STR_DENVER_07,1726.23,520.07,4.8
FL_Miami_FL,STR_DENVER_08,1717.34,517.4,4.77
FL_Miami_FL,STR_MINNEA_01,1512.53,455.52,4.2
FL_Miami_FL,STR_MINNEA_02,1496.56,451.08,4.16
FL_Miami_FL,STR_CHICAG_01,1184.15,357.64,3.29
FL_Miami_FL,STR_CHICAG_02,1177.32,355.29,3.27
FL_Miami_FL,STR_CHICAG_03,1205.49,364.1,3.35
FL_Miami_FL,STR_CHICAG_04,1195.01,361.01,3.32
FL_Miami_FL,STR_CHICAG_05,1177.99,355.33,3.27
FL_Miami_FL,STR_CHICAG_06,1190.15,358.87,3.31
FL_Miami_FL,STR_CHICAG_07,1197.74,361.13,3.33
FL_Miami_FL,STR_DETROI_01,1158.24,349.09,3.22
FL_Miami_FL,STR_DETROI_02,1150.54,347.03,3.2
FL_Miami_FL,STR_DETROI_03,1168.56,352.87,3.25
FL_Miami_FL,STR_DETROI_04,1147.94,345.83,3.19
FL_Miami_FL,STR_COLUMB_01,981.09,296.07,2.73
FL_Miami_FL,STR_COLUMB_02,979.27,295.75,2.72
FL_Miami_FL,STR_CINCIN_01,942.19,284.44,2.62
FL_Miami_FL,STR_CINCIN_02,973.15,293.81,2.7
FL_Miami_FL,STR_CINCIN_03,955.92,288.65,2.66
FL_Miami_FL,STR_CINCIN_04,968.11,292.37,2.69
FL_Miami_FL,STR_CINCIN_05,962.86,290.68,2.67
FL_Miami_FL,STR_CINCIN_06,963.63,290.89,2.68
FL_Miami_FL,STR_CINCIN_07,962.45,290.97,2.67
FL_Miami_FL,STR_CINCIN_08,969.42,293.09,2.69
FL_Miami_FL,STR_ST.LOU_01,1057.36,318.86,2.94
FL_Miami_FL,STR_ST.LOU_02,1069.2,322.07,2.97
FL_Miami_FL,STR_ST.LOU_03,1061.56,320.73,2.95
FL_Miami_FL,STR_BOSTON_01,1241.72,374.21,3.45
FL_Miami_FL,STR_BOSTON_02,1243.96,375.24,3.46
FL_Miami_FL,STR_BOSTON_03,1258.19,379.06,3.49
FL_Miami_FL,STR_BOSTON_04,1260.34,380.43,3.5
FL_Miami_FL,STR_BOSTON_05,1271.68,384.14,3.53
FL_Miami_FL,STR_BOSTON_06,1259.69,379.95,3.5
FL_Miami_FL,STR_BOSTON_07,1258.42,379.5,3.5
FL_Miami_FL,STR_NEWYOR_01,1080.41,326.04,3.0
FL_Miami_FL,STR_NEWYOR_02,1091.28,329.58,3.03
FL_Miami_FL,STR_PHILAD_01,1010.75,305.37,2.81
FL_Miami_FL,STR_PHILAD_02,1025.36,309.86,2.85
FL_Miami_FL,STR_PHILAD_03,1034.06,312.06,2.87
FL_Miami_FL,STR_PHILAD_04,1008.72,304.7,2.8
FL_Miami_FL,STR_PHILAD_05,1022.36,308.57,2.84
FL_Miami_FL,STR_PHILAD_06,1013.38,305.75,2.81
FL_Miami_FL,STR_PHILAD_07,1033.01,311.89,2.87
FL_Miami_FL,STR_BALTIM_01,971.42,293.2,2.7
FL_Miami_FL,STR_BALTIM_02,947.22,286.46,2.63
FL_Miami_FL,STR_BALTIM_03,973.27,293.77,2.7
FL_Miami_FL,STR_BALTIM_04,975.51,294.74,2.71
FL_Miami_FL,STR_BALTIM_05,947.68,286.15,2.63
FL_Miami_FL,STR_BALTIM_06,948.74,286.69,2.64
FL_Miami_FL,STR_BALTIM_07,943.39,284.89,2.62
FL_Miami_FL,STR_BALTIM_08,973.84,293.84,2.71
FL_Miami_FL,STR_CHARLO_01,666.32,202.02,1.85
FL_Miami_FL,STR_CHARLO_02,662.54,200.7,1.84
FL_Miami_FL,STR_CHARLO_03,665.63,201.76,1.85
FL_Miami_FL,STR_CHARLO_04,656.22,198.76,1.82
FL_Miami_FL,STR_CHARLO_05,647.25,195.84,1.8
FL_Miami_FL,STR_CHARLO_06,665.08,201.8,1.85
FL_Miami_FL,STR_CHARLO_07,650.57,197.35,1.81
FL_Miami_FL,STR_CHARLO_08,654.73,198.28,1.82
FL_Miami_FL,STR_ATLANT_01,590.21,179.08,1.64
FL_Miami_FL,STR_ATLANT_02,597.48,181.5,1.66
FL_Miami_FL,STR_ATLANT_03,607.37,184.1,1.69
FL_Miami_FL,STR_ATLANT_04,603.11,182.86,1.68
FL_Miami_FL,STR_ATLANT_05,621.83,188.61,1.73
FL_Miami_FL,STR_ATLANT_06,608.03,184.3,1.69
FL_Miami_FL,STR_ORLAND_01,209.95,65.2,1.0
FL_Miami_FL,STR_ORLAND_02,202.31,62.65,1.0
FL_Miami_FL,STR_ORLAND_03,213.0,65.7,1.0
FL_Miami_FL,STR_ORLAND_04,202.29,62.84,1.0
FL_Miami_FL,STR_ORLAND_05,210.68,64.92,1.0
FL_Miami_FL,STR_TAMPA_01,226.37,70.42,1.0
FL_Miami_FL,STR_TAMPA_02,206.99,64.49,1.0
FL_Miami_FL,STR_TAMPA_03,194.4,60.45,1.0
FL_Miami_FL,STR_TAMPA_04,213.06,66.03,1.0
FL_Miami_FL,STR_TAMPA_05,210.66,65.29,1.0
FL_Miami_FL,STR_TAMPA_06,203.39,62.9,1.0
FL_Miami_FL,STR_TAMPA_07,202.7,62.88,1.0
FL_Miami_FL,STR_TAMPA_08,190.26,58.85,1.0
FL_Miami_FL,STR_MIAMI_01,14.65,6.52,1.0
FL_Miami_FL,STR_MIAMI_02,12.74,6.04,1.0
FL_Miami_FL,STR_MIAMI_03,17.18,7.06,1.0
FL_Miami_FL,STR_MIAMI_04,15.15,6.4,1.0
FL_Miami_FL,STR_MIAMI_05,13.04,5.61,1.0
FL_FortMyers_FL,STR_SEATTL_01,2613.69,786.47,7.26
FL_FortMyers_FL,STR_SEATTL_02,2615.38,786.48,7.26
FL_FortMyers_FL,STR_PORTLA_01,2585.52,777.61,7.18
FL_FortMyers_FL,STR_PORTLA_02,2591.52,779.53,7.2
FL_FortMyers_FL,STR_SANFRA_01,2463.83,741.22,6.84
FL_FortMyers_FL,STR_SANFRA_02,2473.24,744.16,6.87
FL_FortMyers_FL,STR_SANFRA_03,2478.7,745.51,6.89
FL_FortMyers_FL,STR_SANFRA_04,2461.25,740.09,6.84
FL_FortMyers_FL,STR_SANFRA_05,2460.26,739.75,6.83
FL_FortMyers_FL,STR_SANFRA_06,2472.66,743.65,6.87
FL_FortMyers_FL,STR_LOSANG_01,2218.05,667.18,6.16
FL_FortMyers_FL,STR_LOSANG_02,2221.96,668.51,6.17
FL_FortMyers_FL,STR_LOSANG_03,2200.96,662.61,6.11
FL_FortMyers_FL,STR_LOSANG_04,2211.09,665.23,6.14
FL_FortMyers_FL,STR_LOSANG_05,2206.71,663.92,6.13
FL_FortMyers_FL,STR_SANDIE_01,2154.02,648.2,5.98
FL_FortMyers_FL,STR_SANDIE_02,2142.43,644.63,5.95
FL_FortMyers_FL,STR_SANDIE_03,2152.2,647.64,5.98
FL_FortMyers_FL,STR_PHOENI_01,1866.12,561.97,5.18
FL_FortMyers_FL,STR_PHOENI_02,1860.83,560.47,5.17
FL_FortMyers_FL,STR_PHOENI_03,1864.68,561.66,5.18
FL_FortMyers_FL,STR_PHOENI_04,1848.32,557.01,5.13
FL_FortMyers_FL,STR_PHOENI_05,1852.11,557.77,5.14
FL_FortMyers_FL,STR_PHOENI_06,1844.99,556.06,5.12
FL_FortMyers_FL,STR_PHOENI_07,1863.86,560.96,5.18
FL_FortMyers_FL,STR_PHOENI_08,1854.55,558.89,5.15
FL_FortMyers_FL,STR_LASVEG_01,2058.59,619.48,5.72
FL_FortMyers_FL,STR_LASVEG_02,2059.52,619.78,5.72
FL_FortMyers_FL,STR_LASVEG_03,2067.96,622.36,5.74
FL_FortMyers_FL,STR_LASVEG_04,2048.18,616.4,5.69
FL_FortMyers_FL,STR_DENVER_01,1594.54,480.38,4.43
FL_FortMyers_FL,STR_DENVER_02,1610.15,484.9,4.47
FL_FortMyers_FL,STR_DENVER_03,1599.67,482.11,4.44
FL_FortMyers_FL,STR_DENVER_04,1610.9,485.13,4.47
FL_FortMyers_FL,STR_DENVER_05,1602.73,482.98,4.45
FL_FortMyers_FL,STR_DENVER_06,1590.79,479.62,4.42
FL_FortMyers_FL,STR_DENVER_07,1605.7,483.62,4.46
FL_FortMyers_FL,STR_DENVER_08,1596.68,481.2,4.44
FL_FortMyers_FL,STR_MINNEA_01,1410.28,425.22,3.92
FL_FortMyers_FL,STR_MINNEA_02,1394.6,420.94,3.87
FL_FortMyers_FL,STR_CHICAG_01,1091.24,329.25,3.03
FL_FortMyers_FL,STR_CHICAG_02,1085.04,327.71,3.01
FL_FortMyers_FL,STR_CHICAG_03,1112.76,335.42,3.09
FL_FortMyers_FL,STR_CHICAG_04,1102.61,332.66,3.06
FL_FortMyers_FL,STR_CHICAG_05,1085.43,327.72,3.02
FL_FortMyers_FL,STR_CHICAG_06,1097.95,331.73,3.05
FL_FortMyers_FL,STR_CHICAG_07,1104.23,332.96,3.07
FL_FortMyers_FL,STR_DETROI_01,1083.3,327.19,3.01
FL_FortMyers_FL,STR_DETROI_02,1077.51,325.24,2.99
FL_FortMyers_FL,STR_DETROI_03,1094.01,329.82,3.04
FL_FortMyers_FL,STR_DETROI_04,1073.93,324.22,2.98
FL_FortMyers_FL,STR_COLUMB_01,905.21,273.99,2.51
FL_FortMyers_FL,STR_COLUMB_02,904.12,272.96,2.51
FL_FortMyers_FL,STR_CINCIN_01,857.74,259.3,2.38
FL_FortMyers_FL,STR_CINCIN_02,888.11,268.19,2.47
FL_FortMyers_FL,STR_CINCIN_03,871.65,263.38,2.42
FL_FortMyers_FL,STR_CINCIN_04,884.98,267.85,2.46
FL_FortMyers_FL,STR_CINCIN_05,878.98,265.63,2.44
FL_FortMyers_FL,STR_CINCIN_06,878.98,266.04,2.44
FL_FortMyers_FL,STR_CINCIN_07,877.7,265.59,2.44
FL_FortMyers_FL,STR_CINCIN_08,885.05,267.42,2.46
FL_FortMyers_FL,STR_ST.LOU_01,949.63,286.76,2.64
FL_FortMyers_FL,STR_ST.LOU_02,961.74,290.3,2.67
FL_FortMyers_FL,STR_ST.LOU_03,953.49,287.81,2.65
FL_FortMyers_FL,STR_BOSTON_01,1224.93,369.57,3.4
FL_FortMyers_FL,STR_BOSTON_02,1227.8,370.33,3.41
FL_FortMyers_FL,STR_BOSTON_03,1241.09,374.17,3.45
FL_FortMyers_FL,STR_BOSTON_04,1243.86,374.77,3.46
FL_FortMyers_FL,STR_BOSTON_05,1255.52,378.68,3.49
FL_FortMyers_FL,STR_BOSTON_06,1242.41,374.6,3.45
FL_FortMyers_FL,STR_BOSTON_07,1241.66,374.45,3.45
FL_FortMyers_FL,STR_NEWYOR_01,1055.53,318.73,2.93
FL_FortMyers_FL,STR_NEWYOR_02,1065.98,321.17,2.96
FL_FortMyers_FL,STR_PHILAD_01,982.42,296.34,2.73
FL_FortMyers_FL,STR_PHILAD_02,994.41,300.9,2.76
FL_FortMyers_FL,STR_PHILAD_03,1005.13,303.41,2.79
FL_FortMyers_FL,STR_PHILAD_04,978.94,295.05,2.72
FL_FortMyers_FL,STR_PHILAD_05,991.8,299.18,2.76
FL_FortMyers_FL,STR_PHILAD_06,984.29,297.91,2.73
FL_FortMyers_FL,STR_PHILAD_07,1001.77,302.36,2.78
FL_FortMyers_FL,STR_BALTIM_01,934.69,282.7,2.6
FL_FortMyers_FL,STR_BALTIM_02,912.98,275.92,2.54
FL_FortMyers_FL,STR_BALTIM_03,937.88,283.24,2.61
FL_FortMyers_FL,STR_BALTIM_04,939.62,284.08,2.61
FL_FortMyers_FL,STR_BALTIM_05,911.63,274.89,2.53
FL_FortMyers_FL,STR_BALTIM_06,912.35,275.34,2.53
FL_FortMyers_FL,STR_BALTIM_07,907.13,274.02,2.52
FL_FortMyers_FL,STR_BALTIM_08,936.06,282.48,2.6
FL_FortMyers_FL,STR_CHARLO_01,602.56,182.62,1.67
FL_FortMyers_FL,STR_CHARLO_02,600.87,182.48,1.67
FL_FortMyers_FL,STR_CHARLO_03,603.62,183.12,1.68
FL_FortMyers_FL,STR_CHARLO_04,592.04,179.94,1.64
FL_FortMyers_FL,STR_CHARLO_05,582.45,176.78,1.62
FL_FortMyers_FL,STR_CHARLO_06,600.29,182.33,1.67
FL_FortMyers_FL,STR_CHARLO_07,585.73,177.7,1.63
FL_FortMyers_FL,STR_CHARLO_08,594.01,180.05,1.65
FL_FortMyers_FL,STR_ATLANT_01,495.08,150.9,1.38
FL_FortMyers_FL,STR_ATLANT_02,499.38,151.64,1.39
FL_FortMyers_FL,STR_ATLANT_03,511.92,155.66,1.42
FL_FortMyers_FL,STR_ATLANT_04,505.07,153.71,1.4
FL_FortMyers_FL,STR_ATLANT_05,525.35,159.82,1.46
FL_FortMyers_FL,STR_ATLANT_06,512.38,155.42,1.42
FL_FortMyers_FL,STR_ORLAND_01,137.48,43.51,1.0
FL_FortMyers_FL,STR_ORLAND_02,123.96,38.94,1.0
FL_FortMyers_FL,STR_ORLAND_03,136.25,43.08,1.0
FL_FortMyers_FL,STR_ORLAND_04,121.52,38.59,1.0
FL_FortMyers_FL,STR_ORLAND_05,136.32,43.1,1.0
FL_FortMyers_FL,STR_TAMPA_01,113.93,35.88,1.0
FL_FortMyers_FL,STR_TAMPA_02,97.3,31.34,1.0
FL_FortMyers_FL,STR_TAMPA_03,80.93,26.55,1.0
FL_FortMyers_FL,STR_TAMPA_04,98.99,31.75,1.0
FL_FortMyers_FL,STR_TAMPA_05,95.22,30.36,1.0
FL_FortMyers_FL,STR_TAMPA_06,88.83,28.88,1.0
FL_FortMyers_FL,STR_TAMPA_07,91.6,29.51,1.0
FL_FortMyers_FL,STR_TAMPA_08,83.0,26.48,1.0
FL_FortMyers_FL,STR_MIAMI_01,107.22,33.94,1.0
FL_FortMyers_FL,STR_MIAMI_02,112.1,35.5,1.0
FL_FortMyers_FL,STR_MIAMI_03,132.19,42.03,1.0
FL_FortMyers_FL,STR_MIAMI_04,120.62,38.52,1.0
FL_FortMyers_FL,STR_MIAMI_05,131.96,41.92,1.0
